{"stats":{"minecraft:dropped":{"minecraft:iron_ingot":19,"minecraft:porkchop":1,"minecraft:wheat_seeds":128,"minecraft:cobblestone":2,"minecraft:iron_helmet":1,"minecraft:stick":7,"minecraft:torch":1,"minecraft:iron_pickaxe":3,"minecraft:iron_shovel":1,"minecraft:white_wool":1,"minecraft:spruce_sapling":4,"minecraft:stone_sword":3,"minecraft:wheat":2,"farmersdelight:cabbage_seeds":14,"minecraft:deepslate_brick_slab":24,"minecraft:oak_planks":14,"minecraft:stone_slab":3,"minecraft:cobbled_deepslate_slab":8,"minecraft:leather_boots":1,"minecraft:stone_pickaxe":1,"minecraft:wooden_pickaxe":1},"minecraft:picked_up":{"minecraft:crafting_table":4,"minecraft:wheat":194,"minecraft:stone_slab":3,"minecraft:lead":2,"minecraft:stone_brick_wall":1,"minecraft:stone_brick_stairs":1,"tombstone:grave_key":1,"minecraft:iron_shovel":1,"minecraft:beef":5,"minecraft:iron_pickaxe":2,"minecraft:melon_slice":6,"minecraft:sugar_cane":6,"farmersdelight:cabbage_seeds":14,"minecraft:furnace":2,"minecraft:raw_iron":104,"minecraft:stick":6,"minecraft:stone":1,"minecraft:torch":20,"minecraft:spruce_fence":64,"minecraft:porkchop":1,"farmersdelight:tomato_seeds":19,"minecraft:stone_sword":2,"minecraft:hay_block":15,"minecraft:glowstone":1,"minecraft:gold_ingot":1,"minecraft:glow_berries":12,"minecraft:mutton":3,"minecraft:white_wool":1,"minecraft:cobblestone":42,"minecraft:leather":3,"minecraft:packed_mud":1,"minecraft:oak_log":80,"minecraft:dirt":74,"farmersdelight:tomato":13,"minecraft:glass":64,"minecraft:bone":4,"minecraft:apple":7,"minecraft:wheat_seeds":472,"minecraft:deepslate_brick_slab":24,"minecraft:cobbled_deepslate_slab":8,"minecraft:stone_pickaxe":1,"minecraft:iron_ingot":19,"minecraft:pufferfish_bucket":1,"minecraft:oak_planks":2,"minecraft:scaffolding":1,"minecraft:stone_brick_slab":1,"minecraft:spruce_sapling":4,"alexsmobs:animal_dictionary":2,"minecraft:oak_sapling":16,"born_in_chaos_v1:rotten_fish":1,"minecraft:coal":39},"minecraft:crafted":{"minecraft:oak_planks":32,"minecraft:furnace":2,"minecraft:iron_boots":1,"minecraft:iron_axe":1,"minecraft:stone_pickaxe":1,"minecraft:cooked_porkchop":2,"minecraft:crafting_table":2,"minecraft:wooden_pickaxe":1,"minecraft:iron_helmet":1,"minecraft:iron_sword":1,"minecraft:stone_axe":1,"minecraft:bread":64,"minecraft:air":0,"minecraft:iron_chestplate":1,"minecraft:stick":20,"minecraft:iron_ingot":55,"minecraft:iron_pickaxe":3,"minecraft:stone_sword":1,"minecraft:iron_shovel":1,"minecraft:iron_leggings":1,"minecraft:torch":12},"minecraft:custom":{"minecraft:mob_kills":18,"minecraft:animals_bred":1,"minecraft:interact_with_crafting_table":24,"minecraft:open_barrel":1,"minecraft:leave_game":3,"minecraft:time_since_death":43915,"minecraft:climb_one_cm":2335,"minecraft:sprint_one_cm":321640,"minecraft:walk_one_cm":304039,"minecraft:drop":35,"minecraft:play_time":125291,"minecraft:deaths":3,"minecraft:sneak_time":866,"minecraft:walk_under_water_one_cm":341,"minecraft:jump":2450,"minecraft:walk_on_water_one_cm":4685,"minecraft:total_world_time":125291,"minecraft:interact_with_furnace":34,"minecraft:sleep_in_bed":1,"minecraft:time_since_rest":43106,"minecraft:damage_taken":1999,"minecraft:damage_dealt":1826,"minecraft:swim_one_cm":1012,"minecraft:fly_one_cm":557195,"minecraft:player_kills":1,"minecraft:open_chest":18,"minecraft:crouch_one_cm":1912,"tombstone:undead_killed":11,"minecraft:fall_one_cm":94032},"minecraft:broken":{"minecraft:stone_pickaxe":1},"minecraft:killed_by":{"graveyard:skeleton_creeper":1},"minecraft:used":{"minecraft:stone_sword":302,"minecraft:iron_shovel":67,"minecraft:stone":19,"minecraft:iron_sword":88,"minecraft:torch":29,"minecraft:dirt":3,"minecraft:spruce_fence":11,"minecraft:glass":39,"minecraft:stone_brick_slab":88,"farmersdelight:tomato":9,"minecraft:iron_axe":68,"minecraft:stone_brick_stairs":111,"minecraft:glowstone":92,"minecraft:furnace":3,"minecraft:wheat_seeds":63,"minecraft:stone_pickaxe":89,"minecraft:wooden_pickaxe":20,"minecraft:glow_berries":20,"minecraft:crafting_table":6,"minecraft:stone_brick_wall":10,"minecraft:apple":7,"minecraft:melon_slice":6,"minecraft:bread":28,"minecraft:iron_pickaxe":97,"minecraft:stone_axe":38,"minecraft:cobblestone":45,"minecraft:cooked_porkchop":1,"minecraft:andesite":11},"minecraft:killed":{"born_in_chaos_v1:maggot":1,"minecraft:skeleton":3,"born_in_chaos_v1:corpse_fish":1,"minecraft:pig":1,"minecraft:sheep":2,"minecraft:zombie":8,"minecraft:cow":2},"minecraft:mined":{"minecraft:dark_oak_leaves":3,"minecraft:ladder":1,"minecraft:cave_vines_plant":8,"minecraft:cobbled_deepslate_slab":7,"minecraft:grass_block":51,"farmersdelight:tomatoes":20,"minecraft:spruce_leaves":1,"minecraft:hay_block":14,"minecraft:deepslate_brick_slab":6,"minecraft:furnace":2,"minecraft:packed_mud":1,"minecraft:iron_ore":94,"minecraft:cave_vines":11,"minecraft:deepslate_iron_ore":10,"minecraft:stone":29,"minecraft:scaffolding":1,"minecraft:crafting_table":4,"minecraft:torch":11,"minecraft:melon":1,"minecraft:stone_slab":3,"minecraft:tall_grass":1,"farmersdelight:cabbages":9,"minecraft:cobblestone":11,"minecraft:deepslate_coal_ore":16,"minecraft:oak_planks":2,"minecraft:wall_torch":9,"minecraft:birch_log":7,"minecraft:wheat":217,"minecraft:lilac":1,"minecraft:grass":8,"minecraft:coal_ore":18,"minecraft:oak_log":80,"minecraft:dirt":16,"minecraft:oak_leaves":38}},"DataVersion":3465}