{"stats":{"minecraft:dropped":{"minecraft:wheat_seeds":64,"minecraft:stone_sword":1,"minecraft:wheat":2,"minecraft:cobblestone":2,"minecraft:stone_slab":3,"minecraft:stick":2,"minecraft:stone_pickaxe":1,"minecraft:iron_pickaxe":3,"minecraft:white_wool":1,"minecraft:spruce_sapling":4},"minecraft:picked_up":{"minecraft:crafting_table":4,"minecraft:wheat":194,"minecraft:leather":3,"minecraft:lead":2,"minecraft:stone_slab":3,"minecraft:stone_brick_wall":1,"minecraft:stone_brick_stairs":1,"minecraft:oak_log":56,"tombstone:grave_key":1,"farmersdelight:tomato":13,"minecraft:dirt":1,"minecraft:glass":64,"minecraft:apple":6,"minecraft:wheat_seeds":472,"minecraft:deepslate_brick_slab":6,"minecraft:cobbled_deepslate_slab":8,"minecraft:beef":5,"minecraft:pufferfish_bucket":1,"minecraft:stone_pickaxe":1,"minecraft:iron_pickaxe":2,"minecraft:melon_slice":6,"minecraft:sugar_cane":6,"farmersdelight:cabbage_seeds":7,"minecraft:furnace":2,"minecraft:scaffolding":1,"minecraft:stick":5,"minecraft:raw_iron":104,"minecraft:stone":1,"minecraft:stone_brick_slab":1,"minecraft:torch":10,"minecraft:spruce_fence":64,"minecraft:porkchop":1,"farmersdelight:tomato_seeds":19,"minecraft:spruce_sapling":4,"alexsmobs:animal_dictionary":2,"minecraft:stone_sword":1,"minecraft:hay_block":15,"minecraft:glowstone":1,"born_in_chaos_v1:rotten_fish":1,"minecraft:oak_sapling":6,"minecraft:mutton":3,"minecraft:glow_berries":12,"minecraft:coal":39,"minecraft:white_wool":1,"minecraft:cobblestone":34},"minecraft:crafted":{"minecraft:oak_planks":24,"minecraft:crafting_table":1,"minecraft:wooden_pickaxe":1,"minecraft:iron_helmet":1,"minecraft:iron_sword":1,"minecraft:furnace":2,"minecraft:stone_axe":1,"minecraft:bread":64,"minecraft:air":0,"minecraft:iron_chestplate":1,"minecraft:iron_boots":1,"minecraft:iron_axe":1,"minecraft:stick":12,"minecraft:iron_ingot":55,"minecraft:iron_pickaxe":2,"minecraft:stone_pickaxe":1,"minecraft:stone_sword":1,"minecraft:iron_leggings":1,"minecraft:torch":12},"minecraft:custom":{"minecraft:interact_with_furnace":29,"minecraft:mob_kills":6,"minecraft:animals_bred":1,"minecraft:interact_with_crafting_table":19,"minecraft:leave_game":3,"minecraft:time_since_death":25915,"minecraft:sleep_in_bed":1,"minecraft:time_since_rest":25106,"minecraft:sprint_one_cm":285189,"minecraft:damage_taken":1823,"minecraft:walk_one_cm":212493,"minecraft:drop":14,"minecraft:damage_dealt":1057,"minecraft:player_kills":1,"minecraft:swim_one_cm":1012,"minecraft:fly_one_cm":513526,"minecraft:open_chest":17,"minecraft:deaths":3,"minecraft:crouch_one_cm":1363,"minecraft:play_time":107291,"minecraft:sneak_time":700,"minecraft:walk_under_water_one_cm":341,"minecraft:jump":2210,"minecraft:walk_on_water_one_cm":4685,"minecraft:total_world_time":107291,"minecraft:fall_one_cm":85990},"minecraft:killed_by":{"graveyard:skeleton_creeper":1},"minecraft:used":{"minecraft:wheat_seeds":63,"minecraft:stone_sword":302,"minecraft:stone_pickaxe":89,"minecraft:wooden_pickaxe":17,"minecraft:stone":19,"minecraft:iron_sword":38,"minecraft:glow_berries":20,"minecraft:torch":15,"minecraft:crafting_table":5,"minecraft:stone_brick_wall":10,"minecraft:spruce_fence":11,"minecraft:glass":39,"minecraft:stone_brick_slab":88,"minecraft:apple":6,"farmersdelight:tomato":9,"minecraft:iron_axe":31,"minecraft:bread":24,"minecraft:melon_slice":6,"minecraft:iron_pickaxe":94,"minecraft:stone_brick_stairs":111,"minecraft:stone_axe":38,"minecraft:glowstone":92,"minecraft:cobblestone":8,"minecraft:furnace":3,"minecraft:andesite":11},"minecraft:broken":{"minecraft:stone_pickaxe":1},"minecraft:killed":{"minecraft:pig":1,"minecraft:sheep":2,"born_in_chaos_v1:corpse_fish":1,"minecraft:cow":2},"minecraft:mined":{"minecraft:scaffolding":1,"minecraft:dark_oak_leaves":3,"minecraft:crafting_table":4,"minecraft:torch":9,"minecraft:cave_vines_plant":8,"minecraft:cobbled_deepslate_slab":7,"minecraft:melon":1,"minecraft:stone_slab":3,"farmersdelight:cabbages":9,"minecraft:cobblestone":5,"minecraft:tall_grass":1,"farmersdelight:tomatoes":20,"minecraft:deepslate_coal_ore":16,"minecraft:spruce_leaves":1,"minecraft:wall_torch":4,"minecraft:hay_block":14,"minecraft:deepslate_brick_slab":6,"minecraft:furnace":2,"minecraft:birch_log":7,"minecraft:iron_ore":94,"minecraft:wheat":217,"minecraft:lilac":1,"minecraft:grass":8,"minecraft:oak_log":57,"minecraft:coal_ore":18,"minecraft:cave_vines":11,"minecraft:deepslate_iron_ore":10,"minecraft:stone":29,"minecraft:oak_leaves":20}},"DataVersion":3465}