{"stats":{"minecraft:mined":{"minecraft:hay_block":12,"minecraft:scaffolding":1,"minecraft:furnace":1,"minecraft:iron_ore":89,"minecraft:wheat":15,"minecraft:crafting_table":2,"minecraft:cave_vines_plant":2,"minecraft:grass":1,"minecraft:cave_vines":3,"minecraft:coal_ore":14,"minecraft:oak_log":38,"minecraft:stone_slab":3,"farmersdelight:cabbages":5,"farmersdelight:tomatoes":12,"minecraft:stone":26,"minecraft:oak_leaves":9},"minecraft:custom":{"minecraft:time_since_rest":25205,"minecraft:interact_with_furnace":17,"minecraft:sprint_one_cm":80066,"minecraft:damage_taken":259,"minecraft:walk_one_cm":108839,"minecraft:damage_dealt":253,"minecraft:player_kills":1,"minecraft:fly_one_cm":213677,"minecraft:interact_with_crafting_table":11,"minecraft:open_chest":7,"minecraft:crouch_one_cm":809,"minecraft:play_time":47049,"minecraft:deaths":1,"minecraft:sneak_time":491,"minecraft:jump":652,"minecraft:leave_game":1,"minecraft:time_since_death":25338,"minecraft:total_world_time":47049,"minecraft:fall_one_cm":25470},"minecraft:crafted":{"minecraft:oak_planks":24,"minecraft:iron_chestplate":1,"minecraft:crafting_table":1,"minecraft:stick":8,"minecraft:wooden_pickaxe":1,"minecraft:iron_ingot":35,"minecraft:iron_pickaxe":1,"minecraft:stone_pickaxe":1,"minecraft:stone_sword":1,"minecraft:furnace":1,"minecraft:stone_axe":1,"minecraft:air":0},"minecraft:used":{"minecraft:glass":39,"minecraft:stone_brick_slab":88,"farmersdelight:tomato":9,"minecraft:stone_sword":65,"minecraft:apple":6,"minecraft:stone_pickaxe":86,"minecraft:iron_pickaxe":47,"minecraft:wooden_pickaxe":3,"minecraft:stone":19,"minecraft:stone_brick_stairs":111,"minecraft:stone_axe":36,"minecraft:glowstone":92,"minecraft:crafting_table":2,"minecraft:furnace":2,"minecraft:stone_brick_wall":10,"minecraft:spruce_fence":11},"minecraft:picked_up":{"minecraft:scaffolding":1,"minecraft:wheat":15,"minecraft:crafting_table":2,"minecraft:stick":4,"minecraft:raw_iron":89,"minecraft:stone":1,"minecraft:stone_brick_slab":1,"minecraft:stone_slab":3,"minecraft:spruce_fence":64,"minecraft:stone_brick_wall":1,"farmersdelight:tomato_seeds":12,"minecraft:stone_brick_stairs":1,"minecraft:oak_log":38,"tombstone:grave_key":1,"farmersdelight:tomato":9,"alexsmobs:animal_dictionary":2,"minecraft:dirt":1,"minecraft:glass":64,"minecraft:apple":6,"minecraft:wheat_seeds":39,"minecraft:hay_block":12,"minecraft:glowstone":1,"minecraft:oak_sapling":6,"minecraft:glow_berries":6,"minecraft:coal":20,"farmersdelight:cabbage_seeds":5,"minecraft:cobblestone":26,"minecraft:furnace":1}},"DataVersion":3465}