{"stats":{"minecraft:mined":{"minecraft:scaffolding":1,"minecraft:crafting_table":3,"minecraft:cave_vines_plant":8,"minecraft:melon":1,"minecraft:stone_slab":3,"farmersdelight:cabbages":9,"minecraft:tall_grass":1,"farmersdelight:tomatoes":20,"minecraft:deepslate_coal_ore":6,"minecraft:wall_torch":1,"minecraft:hay_block":12,"minecraft:furnace":1,"minecraft:iron_ore":94,"minecraft:wheat":217,"minecraft:grass":6,"minecraft:oak_log":38,"minecraft:coal_ore":18,"minecraft:cave_vines":11,"minecraft:deepslate_iron_ore":6,"minecraft:stone":29,"minecraft:oak_leaves":9},"minecraft:custom":{"minecraft:interact_with_furnace":17,"minecraft:mob_kills":1,"minecraft:interact_with_crafting_table":12,"minecraft:leave_game":1,"minecraft:time_since_death":16434,"minecraft:sleep_in_bed":1,"minecraft:time_since_rest":6841,"minecraft:sprint_one_cm":147605,"minecraft:damage_taken":944,"minecraft:walk_one_cm":160117,"minecraft:drop":1,"minecraft:damage_dealt":434,"minecraft:swim_one_cm":1012,"minecraft:fly_one_cm":332625,"minecraft:player_kills":1,"minecraft:open_chest":14,"minecraft:crouch_one_cm":809,"minecraft:play_time":65049,"minecraft:deaths":2,"minecraft:sneak_time":515,"minecraft:walk_under_water_one_cm":341,"minecraft:jump":1325,"minecraft:walk_on_water_one_cm":3853,"minecraft:total_world_time":65049,"minecraft:fall_one_cm":47155},"minecraft:dropped":{"minecraft:stone_sword":1},"minecraft:crafted":{"minecraft:oak_planks":24,"minecraft:crafting_table":1,"minecraft:wooden_pickaxe":1,"minecraft:furnace":1,"minecraft:stone_axe":1,"minecraft:bread":64,"minecraft:air":0,"minecraft:iron_chestplate":1,"minecraft:stick":8,"minecraft:stone_pickaxe":1,"minecraft:iron_pickaxe":1,"minecraft:iron_ingot":35,"minecraft:stone_sword":1},"minecraft:used":{"minecraft:wheat_seeds":63,"minecraft:stone_sword":301,"minecraft:stone_pickaxe":86,"minecraft:wooden_pickaxe":3,"minecraft:stone":19,"minecraft:glow_berries":20,"minecraft:crafting_table":3,"minecraft:stone_brick_wall":10,"minecraft:spruce_fence":11,"minecraft:glass":39,"minecraft:stone_brick_slab":88,"minecraft:apple":6,"farmersdelight:tomato":9,"minecraft:melon_slice":6,"minecraft:bread":6,"minecraft:iron_pickaxe":73,"minecraft:stone_brick_stairs":111,"minecraft:stone_axe":37,"minecraft:glowstone":92,"minecraft:cobblestone":8,"minecraft:furnace":2},"minecraft:killed":{"born_in_chaos_v1:corpse_fish":1},"minecraft:killed_by":{"graveyard:skeleton_creeper":1},"minecraft:picked_up":{"minecraft:crafting_table":3,"minecraft:wheat":193,"minecraft:stone_slab":3,"minecraft:stone_brick_wall":1,"minecraft:stone_brick_stairs":1,"minecraft:oak_log":38,"tombstone:grave_key":1,"farmersdelight:tomato":13,"minecraft:dirt":1,"minecraft:glass":64,"minecraft:apple":6,"minecraft:wheat_seeds":472,"minecraft:melon_slice":6,"minecraft:sugar_cane":6,"farmersdelight:cabbage_seeds":7,"minecraft:furnace":1,"minecraft:scaffolding":1,"minecraft:stick":4,"minecraft:raw_iron":100,"minecraft:stone":1,"minecraft:stone_brick_slab":1,"minecraft:torch":1,"minecraft:spruce_fence":64,"farmersdelight:tomato_seeds":19,"alexsmobs:animal_dictionary":2,"minecraft:stone_sword":1,"minecraft:hay_block":13,"minecraft:glowstone":1,"born_in_chaos_v1:rotten_fish":1,"minecraft:oak_sapling":6,"minecraft:glow_berries":12,"minecraft:coal":29,"minecraft:cobblestone":29}},"DataVersion":3465}