{"stats":{"minecraft:mined":{"minecraft:scaffolding":1,"minecraft:crafting_table":4,"minecraft:torch":8,"minecraft:cave_vines_plant":8,"minecraft:melon":1,"minecraft:stone_slab":3,"farmersdelight:cabbages":9,"farmersdelight:tomatoes":20,"minecraft:tall_grass":1,"minecraft:cobblestone":5,"minecraft:deepslate_coal_ore":16,"minecraft:spruce_leaves":1,"minecraft:wall_torch":4,"minecraft:hay_block":12,"minecraft:furnace":2,"minecraft:iron_ore":94,"minecraft:wheat":217,"minecraft:grass":6,"minecraft:coal_ore":18,"minecraft:oak_log":38,"minecraft:cave_vines":11,"minecraft:deepslate_iron_ore":10,"minecraft:stone":29,"minecraft:oak_leaves":15},"minecraft:custom":{"minecraft:interact_with_furnace":29,"minecraft:mob_kills":1,"minecraft:interact_with_crafting_table":19,"minecraft:leave_game":3,"minecraft:time_since_death":810,"minecraft:sleep_in_bed":1,"minecraft:time_since_rest":1,"minecraft:sprint_one_cm":189366,"minecraft:damage_taken":1590,"minecraft:walk_one_cm":190816,"minecraft:drop":8,"minecraft:damage_dealt":694,"minecraft:player_kills":1,"minecraft:swim_one_cm":1012,"minecraft:fly_one_cm":394559,"minecraft:open_chest":14,"minecraft:deaths":3,"minecraft:crouch_one_cm":1117,"minecraft:play_time":82186,"minecraft:sneak_time":576,"minecraft:walk_under_water_one_cm":341,"minecraft:jump":1662,"minecraft:walk_on_water_one_cm":3853,"minecraft:total_world_time":82186,"minecraft:fall_one_cm":68520},"minecraft:dropped":{"minecraft:stone_sword":1,"minecraft:wheat":1,"minecraft:cobblestone":2,"minecraft:stone_pickaxe":1,"minecraft:iron_pickaxe":3,"minecraft:spruce_sapling":4},"minecraft:crafted":{"minecraft:oak_planks":24,"minecraft:crafting_table":1,"minecraft:wooden_pickaxe":1,"minecraft:iron_helmet":1,"minecraft:iron_sword":1,"minecraft:furnace":2,"minecraft:stone_axe":1,"minecraft:bread":64,"minecraft:air":0,"minecraft:iron_chestplate":1,"minecraft:iron_boots":1,"minecraft:iron_axe":1,"minecraft:stick":12,"minecraft:iron_ingot":55,"minecraft:iron_pickaxe":2,"minecraft:stone_pickaxe":1,"minecraft:stone_sword":1,"minecraft:iron_leggings":1,"minecraft:torch":12},"minecraft:used":{"minecraft:wheat_seeds":63,"minecraft:stone_sword":302,"minecraft:stone_pickaxe":86,"minecraft:wooden_pickaxe":3,"minecraft:stone":19,"minecraft:iron_sword":14,"minecraft:glow_berries":20,"minecraft:torch":14,"minecraft:crafting_table":5,"minecraft:stone_brick_wall":10,"minecraft:spruce_fence":11,"minecraft:glass":39,"minecraft:stone_brick_slab":88,"minecraft:apple":6,"farmersdelight:tomato":9,"minecraft:bread":16,"minecraft:melon_slice":6,"minecraft:iron_pickaxe":94,"minecraft:stone_brick_stairs":111,"minecraft:stone_axe":38,"minecraft:glowstone":92,"minecraft:cobblestone":8,"minecraft:furnace":3},"minecraft:killed":{"born_in_chaos_v1:corpse_fish":1},"minecraft:killed_by":{"graveyard:skeleton_creeper":1},"minecraft:picked_up":{"minecraft:crafting_table":4,"minecraft:wheat":194,"minecraft:lead":2,"minecraft:stone_slab":3,"minecraft:stone_brick_wall":1,"minecraft:stone_brick_stairs":1,"minecraft:oak_log":38,"tombstone:grave_key":1,"farmersdelight:tomato":13,"minecraft:dirt":1,"minecraft:glass":64,"minecraft:apple":6,"minecraft:wheat_seeds":472,"minecraft:pufferfish_bucket":1,"minecraft:stone_pickaxe":1,"minecraft:iron_pickaxe":2,"minecraft:melon_slice":6,"minecraft:sugar_cane":6,"farmersdelight:cabbage_seeds":7,"minecraft:furnace":2,"minecraft:scaffolding":1,"minecraft:stick":4,"minecraft:raw_iron":104,"minecraft:stone":1,"minecraft:stone_brick_slab":1,"minecraft:torch":9,"minecraft:spruce_fence":64,"farmersdelight:tomato_seeds":19,"minecraft:spruce_sapling":4,"alexsmobs:animal_dictionary":2,"minecraft:stone_sword":1,"minecraft:hay_block":13,"minecraft:glowstone":1,"born_in_chaos_v1:rotten_fish":1,"minecraft:oak_sapling":6,"minecraft:glow_berries":12,"minecraft:coal":39,"minecraft:cobblestone":34}},"DataVersion":3465}