{"stats":{"minecraft:dropped":{"minecraft:iron_ingot":1,"aquaculture:carp":1,"minecraft:spruce_sign":2,"minecraft:candle":9,"minecraft:moss_block":3,"minecraft:cobbled_deepslate_stairs":2,"minecraft:glow_berries":1,"minecraft:feather":21,"minecraft:copper_ingot":3,"minecraft:cobweb":56,"minecraft:deepslate_brick_stairs":5,"minecraft:mossy_cobblestone_slab":1,"minecraft:amethyst_shard":12,"alexscaves:lanternfish":3,"minecraft:string":16,"minecraft:bucket":2,"minecraft:white_wool":8,"minecraft:bone":107,"minecraft:brick_wall":1,"minecraft:player_head":2,"minecraft:stone_sword":1,"minecraft:cobbled_deepslate":12,"minecraft:andesite_slab":12,"minecraft:tuff":1,"minecraft:beetroot":7,"minecraft:deepslate_brick_slab":6,"minecraft:rotten_flesh":28,"minecraft:white_candle":8,"minecraft:suspicious_stew":1,"minecraft:cobblestone_slab":1,"minecraft:gunpowder":34,"graveyard:spruce_coffin":7,"minecraft:skeleton_skull":1,"minecraft:andesite":4,"minecraft:beetroot_seeds":13,"minecraft:melon_seeds":2,"minecraft:leather_leggings":1,"knightquest:small_essence":2,"minecraft:basalt":1,"graveyard:sarcophagus":2,"graveyard:oak_coffin":1},"minecraft:picked_up":{"minecraft:crafting_table":1,"minecraft:leather_leggings":3,"minecraft:enchanted_book":1,"minecraft:red_bed":2,"minecraft:string":16,"minecraft:raw_copper":16,"graveyard:sarcophagus":2,"minecraft:warped_fence":1,"minecraft:beetroot":7,"minecraft:candle":9,"minecraft:cobbled_deepslate":12,"minecraft:bucket":1,"minecraft:cobblestone_slab":1,"minecraft:player_head":2,"minecraft:iron_pickaxe":1,"alexsmobs:raccoon_tail":1,"minecraft:raw_iron":9,"minecraft:copper_ingot":3,"minecraft:brick_wall":1,"minecraft:redstone":12,"minecraft:rotten_flesh":28,"minecraft:stone_sword":1,"minecraft:beetroot_seeds":13,"minecraft:deepslate_bricks":1,"supplementaries:ash":3,"minecraft:deepslate_brick_stairs":5,"minecraft:glow_berries":3,"minecraft:skeleton_skull":1,"graveyard:cobblestone_gravestone":1,"minecraft:rail":17,"minecraft:white_wool":8,"minecraft:cobblestone":99,"minecraft:leather_chestplate":1,"minecraft:basalt":1,"minecraft:feather":21,"minecraft:mossy_cobblestone_slab":1,"minecraft:cooked_beef":4,"minecraft:golden_carrot":4,"minecraft:birch_slab":1,"minecraft:andesite":40,"minecraft:leather":11,"minecraft:tuff":1,"graveyard:spruce_coffin":7,"create:raw_zinc":3,"minecraft:oak_log":6,"minecraft:cobbled_deepslate_stairs":2,"minecraft:gunpowder":34,"minecraft:dirt":26,"minecraft:cooked_mutton":4,"minecraft:bone":107,"minecraft:stonecutter":1,"minecraft:deepslate_brick_slab":6,"minecraft:raw_gold":2,"minecraft:cobbled_deepslate_slab":6,"minecraft:iron_ingot":2,"minecraft:cobweb":56,"minecraft:powered_rail":3,"minecraft:moss_block":3,"minecraft:amethyst_shard":17,"graveyard:oak_coffin":1,"minecraft:bundle":1,"minecraft:white_candle":8,"minecraft:soul_lantern":1,"knightquest:small_essence":2,"minecraft:bone_meal":23,"minecraft:golden_apple":1,"minecraft:spruce_sign":3,"minecraft:emerald":1,"minecraft:melon_seeds":2,"minecraft:coal":34},"minecraft:crafted":{"minecraft:oak_planks":12,"minecraft:iron_boots":1,"minecraft:stone_pickaxe":2,"minecraft:iron_helmet":1,"minecraft:oak_wood":3,"minecraft:stick":4,"minecraft:andesite_slab":12},"minecraft:custom":{"minecraft:mob_kills":11,"minecraft:interact_with_crafting_table":13,"minecraft:open_barrel":9,"minecraft:leave_game":3,"minecraft:time_since_death":47499,"minecraft:climb_one_cm":4686,"minecraft:sprint_one_cm":228800,"minecraft:walk_one_cm":234075,"minecraft:drop":85,"minecraft:sneak_time":264,"minecraft:play_time":67881,"minecraft:deaths":4,"minecraft:walk_under_water_one_cm":329,"minecraft:interact_with_lectern":1,"minecraft:jump":994,"minecraft:walk_on_water_one_cm":3881,"minecraft:total_world_time":67881,"minecraft:interact_with_furnace":4,"minecraft:interact_with_loom":1,"minecraft:interact_with_stonecutter":2,"minecraft:time_since_rest":47235,"minecraft:damage_taken":1215,"minecraft:damage_dealt":2058,"minecraft:fly_one_cm":80543,"minecraft:open_chest":3,"minecraft:crouch_one_cm":350,"tombstone:undead_killed":1,"minecraft:interact_with_smoker":2,"minecraft:fall_one_cm":20897},"minecraft:used":{"minecraft:iron_sword":104,"minecraft:dirt":12,"minecraft:cooked_mutton":4,"minecraft:water_bucket":1,"alexsmobs:cooked_catfish":1,"minecraft:stone_pickaxe":69,"minecraft:spruce_sign":1,"minecraft:glow_berries":5,"minecraft:crafting_table":1,"minecraft:red_bed":2,"minecraft:oak_log":2,"minecraft:iron_pickaxe":240,"minecraft:cobblestone":82,"minecraft:andesite":24,"alexsmobs:animal_dictionary":1},"minecraft:killed_by":{"minecraft:player":1,"minecraft:piglin_brute":2,"alexsmobs:grizzly_bear":1},"minecraft:killed":{"alexsmobs:raccoon":1,"minecraft:piglin":2,"minecraft:sheep":3,"minecraft:zombie":1,"alexsmobs:crow":1,"minecraft:cow":1},"minecraft:mined":{"create:zinc_ore":3,"minecraft:tuff":1,"minecraft:dark_oak_leaves":1,"minecraft:cobbled_deepslate_stairs":5,"minecraft:cobbled_deepslate_slab":10,"minecraft:grass_block":11,"minecraft:brown_mushroom_block":3,"minecraft:deepslate_bricks":1,"minecraft:birch_slab":1,"minecraft:moss_block":1,"minecraft:large_fern":1,"minecraft:deepslate_brick_slab":10,"minecraft:mossy_cobblestone_slab":1,"graveyard:tg_moss_block":2,"minecraft:cobbled_deepslate":6,"minecraft:andesite":67,"graveyard:sarcophagus":2,"minecraft:cobblestone_slab":1,"minecraft:deepslate_iron_ore":9,"minecraft:flowering_azalea_leaves":1,"graveyard:cobblestone_gravestone":1,"minecraft:rail":16,"minecraft:deepslate_brick_stairs":5,"minecraft:stone":102,"minecraft:player_head":2,"minecraft:red_bed":2,"minecraft:brick_wall":1,"minecraft:basalt":2,"minecraft:soul_lantern":1,"minecraft:warped_fence":1,"graveyard:spruce_coffin":14,"minecraft:crafting_table":1,"minecraft:mushroom_stem":27,"minecraft:cobblestone":5,"minecraft:copper_ore":4,"minecraft:spruce_sign":1,"graveyard:oak_coffin":1,"minecraft:powered_rail":3,"minecraft:grass":4,"graveyard:dark_iron_bars":1,"minecraft:oak_log":6,"minecraft:coal_ore":22,"minecraft:beetroots":6,"minecraft:dirt":17,"minecraft:cobweb":6,"minecraft:red_mushroom_block":1,"minecraft:stonecutter":1,"minecraft:deepslate_emerald_ore":1,"minecraft:oak_leaves":16,"minecraft:fern":2}},"DataVersion":3465}