{"stats":{"minecraft:mined":{"minecraft:red_bed":2,"minecraft:warped_fence":1,"minecraft:crafting_table":1,"minecraft:oak_log":6,"minecraft:beetroots":6,"minecraft:mushroom_stem":27,"minecraft:brown_mushroom_block":3,"minecraft:birch_slab":1,"minecraft:red_mushroom_block":1,"minecraft:player_head":2,"minecraft:oak_leaves":9},"minecraft:custom":{"minecraft:time_since_rest":3040,"minecraft:interact_with_furnace":3,"minecraft:sprint_one_cm":137676,"minecraft:damage_taken":972,"minecraft:walk_one_cm":57982,"minecraft:mob_kills":2,"minecraft:drop":2,"minecraft:damage_dealt":551,"minecraft:interact_with_crafting_table":6,"minecraft:fly_one_cm":53494,"minecraft:open_barrel":8,"minecraft:crouch_one_cm":83,"minecraft:play_time":23686,"minecraft:deaths":4,"minecraft:sneak_time":120,"minecraft:interact_with_lectern":1,"minecraft:jump":397,"minecraft:time_since_death":3304,"minecraft:leave_game":1,"minecraft:total_world_time":23686,"minecraft:climb_one_cm":4686,"minecraft:interact_with_smoker":2,"minecraft:fall_one_cm":7708},"minecraft:dropped":{"minecraft:player_head":1,"minecraft:stone_sword":1},"minecraft:crafted":{"minecraft:oak_planks":12,"minecraft:iron_boots":1,"minecraft:stick":4,"minecraft:iron_helmet":1,"minecraft:oak_wood":3},"minecraft:used":{"minecraft:oak_log":2,"minecraft:iron_sword":42,"minecraft:red_bed":1,"alexsmobs:animal_dictionary":1},"minecraft:killed_by":{"minecraft:player":1,"minecraft:piglin_brute":2,"alexsmobs:grizzly_bear":1},"minecraft:killed":{"minecraft:piglin":2},"minecraft:picked_up":{"minecraft:crafting_table":1,"minecraft:birch_slab":1,"minecraft:oak_log":6,"minecraft:red_bed":2,"minecraft:stone_sword":1,"minecraft:warped_fence":1,"minecraft:beetroot":7,"minecraft:beetroot_seeds":13,"knightquest:small_essence":1,"minecraft:spruce_sign":2,"minecraft:player_head":2,"supplementaries:ash":2}},"DataVersion":3465}