{"stats":{"minecraft:picked_up":{"minecraft:oak_log":6,"minecraft:beetroot":6,"minecraft:beetroot_seeds":11},"minecraft:custom":{"minecraft:jump":123,"minecraft:time_since_rest":4062,"minecraft:sprint_one_cm":37831,"minecraft:walk_one_cm":10539,"minecraft:leave_game":1,"minecraft:play_time":5687,"minecraft:damage_taken":266,"minecraft:time_since_death":4271,"minecraft:deaths":1,"minecraft:total_world_time":5687,"minecraft:fall_one_cm":2494,"minecraft:fly_one_cm":22018},"minecraft:killed_by":{"minecraft:player":1},"minecraft:used":{"alexsmobs:animal_dictionary":1},"minecraft:mined":{"minecraft:oak_log":6,"minecraft:beetroots":6,"minecraft:oak_leaves":4}},"DataVersion":3465}