{"stats":{"minecraft:mined":{"create:zinc_ore":3,"minecraft:tuff":1,"minecraft:red_bed":2,"minecraft:basalt":1,"minecraft:warped_fence":1,"minecraft:soul_lantern":1,"minecraft:crafting_table":1,"minecraft:grass_block":11,"minecraft:mushroom_stem":27,"minecraft:brown_mushroom_block":3,"minecraft:copper_ore":4,"minecraft:cobblestone":5,"minecraft:birch_slab":1,"minecraft:moss_block":1,"minecraft:spruce_sign":1,"minecraft:large_fern":1,"minecraft:powered_rail":3,"graveyard:oak_coffin":1,"minecraft:mossy_cobblestone_slab":1,"minecraft:cobbled_deepslate":6,"minecraft:andesite":67,"minecraft:grass":3,"minecraft:coal_ore":22,"minecraft:flowering_azalea_leaves":1,"minecraft:oak_log":6,"minecraft:beetroots":6,"minecraft:deepslate_iron_ore":9,"minecraft:cobblestone_slab":1,"graveyard:cobblestone_gravestone":1,"minecraft:rail":16,"minecraft:dirt":17,"minecraft:cobweb":6,"minecraft:stone":102,"minecraft:red_mushroom_block":1,"minecraft:stonecutter":1,"minecraft:player_head":2,"minecraft:oak_leaves":13,"minecraft:deepslate_emerald_ore":1},"minecraft:custom":{"minecraft:interact_with_furnace":4,"minecraft:mob_kills":11,"minecraft:interact_with_crafting_table":13,"minecraft:open_barrel":9,"minecraft:interact_with_loom":1,"minecraft:interact_with_stonecutter":2,"minecraft:leave_game":2,"minecraft:time_since_death":36338,"minecraft:climb_one_cm":4686,"minecraft:time_since_rest":36074,"minecraft:sprint_one_cm":218109,"minecraft:damage_taken":1205,"minecraft:walk_one_cm":215752,"minecraft:drop":18,"minecraft:damage_dealt":2046,"minecraft:fly_one_cm":78130,"minecraft:walk_under_water_one_cm":329,"tombstone:undead_killed":1,"minecraft:crouch_one_cm":350,"minecraft:sneak_time":264,"minecraft:play_time":56720,"minecraft:deaths":4,"minecraft:interact_with_lectern":1,"minecraft:jump":945,"minecraft:walk_on_water_one_cm":3881,"minecraft:interact_with_smoker":2,"minecraft:total_world_time":56720,"minecraft:fall_one_cm":19933},"minecraft:crafted":{"minecraft:oak_planks":12,"minecraft:iron_helmet":1,"minecraft:oak_wood":3,"minecraft:iron_boots":1,"minecraft:stick":4,"minecraft:andesite_slab":12,"minecraft:stone_pickaxe":2},"minecraft:dropped":{"minecraft:spruce_sign":2,"aquaculture:carp":1,"minecraft:candle":2,"minecraft:player_head":2,"minecraft:stone_sword":1,"minecraft:tuff":1,"minecraft:beetroot":7,"minecraft:feather":14,"minecraft:suspicious_stew":1,"minecraft:cobweb":4,"minecraft:andesite":4,"minecraft:beetroot_seeds":13,"knightquest:small_essence":2,"minecraft:basalt":1,"minecraft:string":3},"minecraft:used":{"minecraft:water_bucket":1,"minecraft:cooked_mutton":4,"alexsmobs:cooked_catfish":1,"minecraft:stone_pickaxe":15,"minecraft:iron_sword":101,"minecraft:spruce_sign":1,"minecraft:glow_berries":5,"minecraft:dirt":12,"minecraft:crafting_table":1,"minecraft:red_bed":2,"minecraft:oak_log":2,"minecraft:iron_pickaxe":237,"minecraft:cobblestone":82,"minecraft:andesite":24,"alexsmobs:animal_dictionary":1},"minecraft:killed_by":{"minecraft:player":1,"minecraft:piglin_brute":2,"alexsmobs:grizzly_bear":1},"minecraft:killed":{"minecraft:piglin":2,"alexsmobs:raccoon":1,"minecraft:sheep":3,"minecraft:zombie":1,"alexsmobs:crow":1,"minecraft:cow":1},"minecraft:picked_up":{"minecraft:cooked_beef":4,"minecraft:basalt":1,"minecraft:crafting_table":1,"minecraft:mossy_cobblestone_slab":1,"minecraft:feather":21,"minecraft:birch_slab":1,"minecraft:andesite":40,"minecraft:leather_leggings":1,"minecraft:leather":3,"minecraft:tuff":1,"create:raw_zinc":3,"minecraft:oak_log":6,"minecraft:string":3,"minecraft:dirt":26,"minecraft:red_bed":2,"minecraft:raw_copper":16,"minecraft:cooked_mutton":4,"minecraft:warped_fence":1,"minecraft:beetroot":7,"minecraft:stonecutter":1,"minecraft:candle":5,"minecraft:cobbled_deepslate":6,"minecraft:cobweb":4,"minecraft:cobblestone_slab":1,"minecraft:player_head":2,"alexsmobs:raccoon_tail":1,"minecraft:iron_pickaxe":1,"minecraft:powered_rail":3,"minecraft:raw_iron":9,"minecraft:bundle":1,"graveyard:oak_coffin":1,"minecraft:stone_sword":1,"minecraft:beetroot_seeds":13,"minecraft:soul_lantern":1,"knightquest:small_essence":2,"minecraft:spruce_sign":3,"minecraft:emerald":1,"supplementaries:ash":3,"minecraft:glow_berries":2,"minecraft:coal":26,"graveyard:cobblestone_gravestone":1,"minecraft:rail":17,"minecraft:white_wool":4,"minecraft:cobblestone":99}},"DataVersion":3465}