{"stats":{"minecraft:mined":{"minecraft:red_bed":2,"minecraft:crafting_table":1,"minecraft:oak_log":6,"minecraft:beetroots":6,"minecraft:mushroom_stem":24,"minecraft:red_mushroom_block":1,"minecraft:player_head":2,"minecraft:oak_leaves":9},"minecraft:custom":{"minecraft:time_since_rest":310,"minecraft:interact_with_furnace":2,"minecraft:sprint_one_cm":112872,"minecraft:damage_taken":728,"minecraft:walk_one_cm":37493,"minecraft:drop":1,"minecraft:damage_dealt":104,"minecraft:interact_with_crafting_table":4,"minecraft:fly_one_cm":42484,"minecraft:open_barrel":7,"minecraft:crouch_one_cm":53,"minecraft:play_time":17686,"minecraft:deaths":3,"minecraft:sneak_time":41,"minecraft:interact_with_lectern":1,"minecraft:jump":249,"minecraft:time_since_death":703,"minecraft:leave_game":1,"minecraft:total_world_time":17686,"minecraft:climb_one_cm":1886,"minecraft:interact_with_smoker":1,"minecraft:fall_one_cm":3768},"minecraft:dropped":{"minecraft:player_head":1},"minecraft:crafted":{"minecraft:oak_planks":12,"minecraft:iron_boots":1,"minecraft:stick":4,"minecraft:iron_helmet":1,"minecraft:oak_wood":3},"minecraft:used":{"minecraft:oak_log":1,"minecraft:iron_sword":9,"minecraft:red_bed":1,"alexsmobs:animal_dictionary":1},"minecraft:killed_by":{"minecraft:player":1,"minecraft:piglin_brute":2},"minecraft:picked_up":{"minecraft:crafting_table":1,"minecraft:oak_log":6,"minecraft:red_bed":2,"minecraft:beetroot":6,"minecraft:beetroot_seeds":11,"minecraft:spruce_sign":2,"minecraft:player_head":2}},"DataVersion":3465}