{"stats":{"minecraft:crafted":{"minecraft:oak_planks":24,"comforts:sleeping_bag_white":1,"minecraft:furnace":1,"minecraft:iron_boots":1,"minecraft:stone_pickaxe":2,"minecraft:iron_helmet":1,"minecraft:oak_wood":3,"minecraft:air":0,"minecraft:stick":4,"minecraft:andesite_slab":12,"minecraft:gold_ingot":8,"minecraft:white_bed":1},"minecraft:killed":{"alexsmobs:raccoon":1,"born_in_chaos_v1:maggot":1,"minecraft:piglin":2,"minecraft:sheep":3,"minecraft:pillager":2,"minecraft:zombie":2,"alexsmobs:crow":1,"minecraft:cow":1},"minecraft:picked_up":{"minecraft:crafting_table":1,"minecraft:ladder":1,"minecraft:anvil":1,"minecraft:leather_leggings":3,"minecraft:enchanted_book":1,"minecraft:string":16,"minecraft:red_bed":3,"minecraft:raw_copper":16,"graveyard:sarcophagus":2,"minecraft:warped_fence":1,"minecraft:beetroot":7,"minecraft:candle":9,"minecraft:cobbled_deepslate":12,"minecraft:bucket":1,"minecraft:cobblestone_slab":1,"minecraft:player_head":2,"minecraft:spruce_slab":3,"minecraft:iron_pickaxe":1,"alexsmobs:raccoon_tail":1,"minecraft:birch_sapling":2,"minecraft:stick":2,"minecraft:raw_iron":9,"minecraft:copper_ingot":3,"minecraft:torch":12,"minecraft:brick_wall":1,"minecraft:redstone":12,"minecraft:dark_oak_planks":4,"minecraft:stone_sword":2,"minecraft:arrow":7,"minecraft:rotten_flesh":50,"minecraft:beetroot_seeds":13,"farmersdelight:onion":2,"minecraft:deepslate_bricks":1,"supplementaries:ash":3,"minecraft:deepslate_brick_stairs":5,"minecraft:glow_berries":3,"graveyard:cobblestone_gravestone":1,"minecraft:white_wool":17,"minecraft:skeleton_skull":1,"minecraft:rail":17,"minecraft:cobblestone":114,"minecraft:mud_bricks":7,"minecraft:feather":21,"born_in_chaos_v1:corpse_maggot":7,"minecraft:mossy_cobblestone_slab":1,"minecraft:leather_chestplate":1,"minecraft:clock":1,"minecraft:cooked_beef":4,"minecraft:basalt":1,"minecraft:golden_carrot":4,"minecraft:birch_slab":1,"minecraft:andesite":40,"minecraft:leather":11,"minecraft:mud_brick_stairs":1,"minecraft:packed_mud":5,"graveyard:spruce_coffin":7,"minecraft:tuff":1,"create:raw_zinc":3,"minecraft:oak_log":9,"minecraft:cobbled_deepslate_stairs":2,"minecraft:gunpowder":34,"minecraft:dirt":56,"minecraft:cooked_mutton":4,"minecraft:bone":113,"minecraft:apple":11,"minecraft:stonecutter":1,"minecraft:deepslate_brick_slab":6,"minecraft:raw_gold":2,"minecraft:cobbled_deepslate_slab":6,"minecraft:iron_ingot":2,"minecraft:cobweb":56,"minecraft:powered_rail":3,"minecraft:moss_block":3,"minecraft:book":3,"minecraft:amethyst_shard":17,"minecraft:white_bed":2,"minecraft:bundle":1,"graveyard:oak_coffin":1,"minecraft:white_candle":8,"minecraft:soul_lantern":1,"knightquest:small_essence":10,"minecraft:bone_meal":23,"minecraft:golden_apple":1,"minecraft:spruce_sign":3,"minecraft:emerald":2,"minecraft:melon_seeds":2,"minecraft:bricks":19,"minecraft:coal":34},"minecraft:used":{"minecraft:stone_sword":2,"minecraft:iron_sword":198,"minecraft:torch":9,"minecraft:dirt":49,"minecraft:carrot":4,"minecraft:dark_oak_planks":2,"minecraft:bricks":18,"minecraft:mud_bricks":7,"minecraft:golden_carrot":4,"minecraft:furnace":1,"tombstone:gift":1,"alexsmobs:cooked_catfish":1,"alexsmobs:raw_catfish":1,"minecraft:cooked_mutton":4,"minecraft:water_bucket":1,"minecraft:stone_pickaxe":122,"minecraft:oak_planks":9,"minecraft:wooden_pickaxe":7,"minecraft:spruce_sign":1,"minecraft:white_wool":2,"minecraft:golden_apple":1,"minecraft:glow_berries":5,"minecraft:crafting_table":1,"minecraft:red_bed":3,"minecraft:white_bed":2,"minecraft:oak_log":2,"minecraft:apple":7,"minecraft:iron_pickaxe":240,"minecraft:cobblestone":106,"minecraft:andesite":24,"alexsmobs:animal_dictionary":1},"minecraft:custom":{"minecraft:interact_with_smithing_table":1,"minecraft:mob_kills":22,"minecraft:interact_with_crafting_table":26,"minecraft:open_barrel":12,"minecraft:leave_game":5,"minecraft:time_since_death":1429,"minecraft:climb_one_cm":8827,"minecraft:sprint_one_cm":546984,"minecraft:walk_one_cm":518970,"minecraft:drop":88,"minecraft:sneak_time":371,"minecraft:play_time":117020,"minecraft:deaths":8,"minecraft:walk_under_water_one_cm":329,"minecraft:interact_with_lectern":1,"minecraft:jump":1559,"minecraft:interact_with_blast_furnace":1,"minecraft:walk_on_water_one_cm":6065,"minecraft:total_world_time":117020,"minecraft:interact_with_furnace":12,"tombstone:raider_killed":2,"minecraft:interact_with_loom":1,"minecraft:interact_with_stonecutter":2,"minecraft:sleep_in_bed":1,"minecraft:time_since_rest":671,"minecraft:damage_taken":2697,"minecraft:damage_dealt":3155,"minecraft:fly_one_cm":149565,"minecraft:open_chest":7,"minecraft:crouch_one_cm":470,"tombstone:undead_killed":2,"minecraft:interact_with_smoker":2,"minecraft:fall_one_cm":30429},"minecraft:mined":{"minecraft:dark_oak_planks":4,"create:zinc_ore":3,"minecraft:tuff":1,"minecraft:white_bed":2,"minecraft:dark_oak_leaves":1,"minecraft:cobbled_deepslate_stairs":5,"minecraft:cave_vines_plant":1,"minecraft:spruce_trapdoor":1,"minecraft:cobbled_deepslate_slab":10,"minecraft:allium":2,"minecraft:grass_block":27,"minecraft:brown_mushroom_block":3,"minecraft:deepslate_bricks":1,"minecraft:birch_slab":1,"minecraft:mud_bricks":8,"minecraft:moss_block":1,"minecraft:large_fern":1,"farmersdelight:wild_onions":4,"minecraft:deepslate_brick_slab":10,"minecraft:mossy_cobblestone_slab":1,"minecraft:packed_mud":5,"graveyard:tg_moss_block":2,"minecraft:dark_oak_trapdoor":1,"minecraft:cobbled_deepslate":6,"minecraft:andesite":67,"minecraft:anvil":1,"minecraft:cave_vines":1,"graveyard:cobblestone_gravestone":1,"minecraft:bookshelf":1,"graveyard:sarcophagus":2,"minecraft:deepslate_iron_ore":9,"minecraft:cobblestone_slab":1,"minecraft:flowering_azalea_leaves":1,"minecraft:rail":16,"minecraft:deepslate_brick_stairs":5,"minecraft:stone":105,"minecraft:cake":1,"minecraft:player_head":2,"minecraft:white_wool":8,"minecraft:spruce_slab":2,"minecraft:oak_slab":1,"minecraft:red_bed":3,"minecraft:brick_wall":2,"minecraft:basalt":2,"graveyard:spruce_coffin":14,"minecraft:warped_fence":1,"minecraft:soul_lantern":1,"minecraft:crafting_table":1,"minecraft:torch":6,"minecraft:mud_brick_stairs":1,"minecraft:mushroom_stem":27,"minecraft:copper_ore":4,"minecraft:cobblestone":11,"minecraft:bricks":19,"minecraft:spruce_sign":1,"minecraft:wall_torch":9,"graveyard:oak_coffin":1,"minecraft:powered_rail":3,"minecraft:lilac":3,"minecraft:birch_leaves":5,"minecraft:grass":5,"graveyard:dark_iron_bars":1,"minecraft:coal_ore":22,"minecraft:oak_log":9,"minecraft:beetroots":6,"minecraft:dirt":18,"minecraft:cobweb":6,"minecraft:red_mushroom_block":1,"minecraft:stonecutter":1,"minecraft:oak_leaves":18,"minecraft:deepslate_emerald_ore":1,"minecraft:fern":2},"minecraft:dropped":{"minecraft:spruce_sign":2,"aquaculture:carp":1,"minecraft:iron_ingot":1,"minecraft:candle":9,"minecraft:moss_block":3,"minecraft:cobbled_deepslate_stairs":2,"minecraft:feather":21,"minecraft:glow_berries":1,"minecraft:copper_ingot":3,"minecraft:cobweb":56,"minecraft:deepslate_brick_stairs":5,"minecraft:mossy_cobblestone_slab":1,"minecraft:amethyst_shard":19,"alexscaves:lanternfish":3,"minecraft:string":16,"minecraft:bucket":2,"minecraft:white_wool":8,"minecraft:bone":107,"minecraft:brick_wall":1,"minecraft:player_head":2,"minecraft:stone_sword":1,"minecraft:cobbled_deepslate":12,"minecraft:tuff":1,"minecraft:andesite_slab":12,"minecraft:beetroot":7,"minecraft:deepslate_brick_slab":6,"minecraft:rotten_flesh":28,"minecraft:white_candle":8,"minecraft:chainmail_chestplate":1,"minecraft:suspicious_stew":1,"minecraft:cobblestone_slab":1,"minecraft:gunpowder":34,"graveyard:spruce_coffin":7,"minecraft:skeleton_skull":1,"minecraft:andesite":4,"minecraft:beetroot_seeds":13,"minecraft:melon_seeds":2,"minecraft:leather_leggings":2,"knightquest:small_essence":2,"minecraft:basalt":1,"graveyard:sarcophagus":2,"graveyard:oak_coffin":1},"minecraft:killed_by":{"minecraft:player":2,"minecraft:piglin_brute":2,"minecraft:skeleton":2,"minecraft:zombie":1,"alexsmobs:grizzly_bear":1}},"DataVersion":3465}