{"stats":{"minecraft:mined":{"minecraft:large_fern":1,"minecraft:tuff":1,"graveyard:oak_coffin":1,"minecraft:mossy_cobblestone_slab":1,"minecraft:red_bed":2,"minecraft:cobbled_deepslate":6,"minecraft:basalt":1,"minecraft:warped_fence":1,"minecraft:soul_lantern":1,"minecraft:crafting_table":1,"graveyard:cobblestone_gravestone":1,"minecraft:cobblestone_slab":1,"minecraft:deepslate_iron_ore":9,"minecraft:oak_log":6,"minecraft:beetroots":6,"minecraft:mushroom_stem":27,"minecraft:brown_mushroom_block":3,"minecraft:moss_block":1,"minecraft:birch_slab":1,"minecraft:red_mushroom_block":1,"minecraft:player_head":2,"minecraft:deepslate_emerald_ore":1,"minecraft:oak_leaves":9},"minecraft:custom":{"minecraft:time_since_rest":15040,"minecraft:interact_with_furnace":4,"minecraft:sprint_one_cm":192365,"minecraft:damage_taken":1073,"minecraft:walk_one_cm":117468,"minecraft:mob_kills":7,"minecraft:drop":4,"minecraft:damage_dealt":1402,"minecraft:interact_with_crafting_table":11,"minecraft:fly_one_cm":72601,"minecraft:open_barrel":8,"minecraft:crouch_one_cm":323,"minecraft:play_time":35686,"minecraft:deaths":4,"minecraft:sneak_time":255,"minecraft:interact_with_lectern":1,"minecraft:jump":654,"minecraft:time_since_death":15304,"minecraft:leave_game":1,"minecraft:total_world_time":35686,"minecraft:climb_one_cm":4686,"minecraft:interact_with_smoker":2,"minecraft:fall_one_cm":13615},"minecraft:crafted":{"minecraft:oak_planks":12,"minecraft:iron_boots":1,"minecraft:stick":4,"minecraft:iron_helmet":1,"minecraft:oak_wood":3},"minecraft:dropped":{"minecraft:candle":2,"minecraft:player_head":2,"minecraft:stone_sword":1},"minecraft:used":{"minecraft:oak_log":2,"alexsmobs:cooked_catfish":1,"minecraft:iron_pickaxe":26,"minecraft:iron_sword":59,"minecraft:red_bed":2,"alexsmobs:animal_dictionary":1},"minecraft:killed_by":{"minecraft:player":1,"minecraft:piglin_brute":2,"alexsmobs:grizzly_bear":1},"minecraft:killed":{"minecraft:sheep":3,"minecraft:piglin":2,"alexsmobs:crow":1},"minecraft:picked_up":{"minecraft:mossy_cobblestone_slab":1,"minecraft:feather":7,"minecraft:raw_iron":9,"minecraft:crafting_table":1,"minecraft:birch_slab":1,"minecraft:tuff":1,"minecraft:oak_log":6,"minecraft:red_bed":2,"minecraft:cooked_mutton":4,"minecraft:stone_sword":1,"minecraft:warped_fence":1,"minecraft:beetroot":7,"minecraft:beetroot_seeds":13,"minecraft:candle":2,"minecraft:soul_lantern":1,"minecraft:cobbled_deepslate":6,"knightquest:small_essence":1,"minecraft:cobblestone_slab":1,"minecraft:spruce_sign":2,"minecraft:player_head":2,"minecraft:emerald":1,"minecraft:iron_pickaxe":1,"supplementaries:ash":3,"minecraft:glow_berries":2,"graveyard:cobblestone_gravestone":1,"minecraft:white_wool":4}},"DataVersion":3465}