{"stats":{"minecraft:dropped":{"minecraft:feather":7,"minecraft:lead":1,"wandering_bags:emerald_of_renegade":1,"wandering_bags:dagger_of_traitor":2,"minecraft:dark_oak_log":13,"minecraft:torch":46,"minecraft:spruce_sapling":4,"minecraft:gold_ingot":1,"minecraft:note_block":1,"minecraft:nether_wart":2,"minecraft:oak_planks":10,"minecraft:stone_pickaxe":1,"minecraft:acacia_fence":1},"minecraft:picked_up":{"minecraft:crafting_table":2,"minecraft:wheat":32,"minecraft:chicken":1,"minecraft:nether_wart":4,"minecraft:flower_pot":1,"minecraft:lead":1,"minecraft:stone_brick_wall":1,"minecraft:wither_rose":1,"minecraft:enchanted_book":1,"minecraft:stone_brick_stairs":1,"minecraft:item_frame":2,"minecraft:experience_bottle":2,"minecraft:sugar_cane":38,"minecraft:melon_slice":35,"minecraft:birch_sapling":3,"minecraft:furnace":2,"minecraft:stick":12,"minecraft:raw_iron":6,"minecraft:stone":1,"minecraft:acacia_fence":1,"minecraft:torch":48,"minecraft:note_block":1,"minecraft:porkchop":9,"minecraft:hay_block":35,"minecraft:glowstone":1,"minecraft:gold_ingot":2,"wandering_bags:wandering_bag":1,"wandering_bags:dagger_of_traitor":3,"minecraft:cobblestone":22,"minecraft:birch_log":13,"minecraft:feather":2,"wandering_bags:pillager_bag":2,"minecraft:salmon":1,"minecraft:leather":3,"minecraft:yellow_dye":3,"alexsmobs:bear_fur":3,"minecraft:oak_log":62,"minecraft:yellow_bed":7,"minecraft:dirt":104,"tombstone:gift":1,"minecraft:cooked_mutton":1,"minecraft:glass":1,"minecraft:apple":1,"minecraft:wheat_seeds":92,"minecraft:deepslate_brick_slab":6,"minecraft:iron_ingot":1,"minecraft:glowstone_dust":4,"minecraft:oak_planks":8,"minecraft:book":54,"minecraft:stone_brick_slab":1,"minecraft:sand":15,"minecraft:amethyst_shard":7,"minecraft:spruce_sapling":4,"minecraft:ink_sac":2,"wandering_bags:emerald_of_renegade":1,"minecraft:dark_oak_log":13,"alexsmobs:animal_dictionary":1,"minecraft:blue_ice":6,"knightquest:small_essence":3,"minecraft:emerald":8,"minecraft:oak_sapling":9,"minecraft:coal":33},"minecraft:crafted":{"minecraft:black_dye":2,"minecraft:oak_planks":56,"minecraft:cooked_chicken":1,"minecraft:furnace":1,"minecraft:medium_amethyst_bud":1,"minecraft:glass":15,"minecraft:iron_axe":1,"minecraft:stone_pickaxe":1,"minecraft:chest":1,"minecraft:black_wool":2,"minecraft:crafting_table":4,"travelersbackpack:backpack_tank":2,"minecraft:wooden_pickaxe":1,"travelersbackpack:standard":1,"minecraft:cooked_salmon":5,"travelersbackpack:black_sleeping_bag":1,"minecraft:hay_block":4,"minecraft:air":0,"minecraft:stick":8,"minecraft:iron_ingot":6,"minecraft:iron_shovel":1,"minecraft:torch":48},"minecraft:custom":{"minecraft:mob_kills":27,"minecraft:interact_with_crafting_table":20,"minecraft:eat_cake_slice":3,"minecraft:leave_game":3,"minecraft:time_since_death":105659,"minecraft:climb_one_cm":723,"minecraft:sprint_one_cm":265770,"minecraft:walk_one_cm":351102,"minecraft:drop":17,"minecraft:play_noteblock":4,"minecraft:talked_to_villager":9,"minecraft:play_time":116499,"minecraft:deaths":1,"minecraft:sneak_time":64,"minecraft:walk_under_water_one_cm":740,"minecraft:jump":980,"minecraft:walk_on_water_one_cm":691,"minecraft:total_world_time":116499,"minecraft:interact_with_furnace":23,"tombstone:raider_killed":11,"minecraft:traded_with_villager":1,"minecraft:sleep_in_bed":6,"minecraft:time_since_rest":3249,"minecraft:damage_taken":593,"minecraft:damage_dealt":4529,"minecraft:swim_one_cm":4835,"minecraft:fly_one_cm":114575,"minecraft:open_chest":58,"minecraft:crouch_one_cm":81,"tombstone:undead_killed":1,"tombstone:villager_killed":1,"minecraft:fall_one_cm":18233},"minecraft:used":{"minecraft:iron_shovel":116,"minecraft:stone":83,"minecraft:cooked_salmon":4,"minecraft:cooked_chicken":1,"minecraft:iron_chestplate":1,"minecraft:torch":9,"minecraft:glass":1,"minecraft:stone_brick_slab":1,"minecraft:iron_axe":83,"minecraft:stone_brick_stairs":14,"minecraft:glowstone":1,"minecraft:furnace":2,"tombstone:gift":2,"wandering_bags:hammer_from_farlands":55,"minecraft:cooked_mutton":1,"minecraft:dark_oak_sign":4,"minecraft:stone_pickaxe":30,"minecraft:wooden_pickaxe":60,"minecraft:white_dye":4,"minecraft:glow_ink_sac":4,"minecraft:crafting_table":6,"minecraft:stone_brick_wall":79,"minecraft:apple":1,"minecraft:melon_slice":25,"minecraft:bread":1,"minecraft:cobblestone":3,"travelersbackpack:standard":1,"minecraft:yellow_bed":6,"minecraft:experience_bottle":3},"minecraft:killed":{"alexsmobs:tasmanian_devil":2,"minecraft:chicken":1,"minecraft:pig":5,"alexsmobs:grizzly_bear":2,"minecraft:wandering_trader":1,"minecraft:squid":1,"born_in_chaos_v1:decrepit_skeleton":1,"minecraft:trader_llama":2,"minecraft:pillager":11,"knightquest:lizzy":1},"minecraft:mined":{"minecraft:tuff":1,"minecraft:potted_wither_rose":1,"minecraft:grass_block":105,"minecraft:nether_wart":1,"minecraft:hay_block":48,"minecraft:glowstone":1,"minecraft:furnace":2,"minecraft:cobbled_deepslate":1,"minecraft:bookshelf":18,"minecraft:deepslate_iron_ore":6,"minecraft:stone":3,"minecraft:glass_pane":2,"minecraft:stone_brick_slab":1,"minecraft:polished_granite":2,"minecraft:crafting_table":2,"minecraft:note_block":1,"minecraft:melon":8,"minecraft:cobblestone":19,"minecraft:deepslate_coal_ore":4,"minecraft:sugar_cane":21,"minecraft:birch_log":6,"minecraft:wheat":31,"minecraft:yellow_bed":7,"minecraft:grass":4,"minecraft:oak_log":62,"minecraft:coal_ore":20,"minecraft:acacia_fence":1,"minecraft:sand":15,"minecraft:dirt":17,"minecraft:oak_leaves":16}},"DataVersion":3465}