{"stats":{"minecraft:mined":{"minecraft:hay_block":10,"minecraft:glass_pane":2,"minecraft:wheat":31,"minecraft:crafting_table":1,"minecraft:note_block":1,"minecraft:grass_block":3,"minecraft:oak_log":5,"minecraft:coal_ore":14,"minecraft:melon":8,"minecraft:dirt":1,"minecraft:stone":3,"minecraft:oak_leaves":6},"minecraft:custom":{"minecraft:time_since_rest":32271,"minecraft:sprint_one_cm":89215,"minecraft:damage_taken":130,"minecraft:walk_one_cm":121041,"minecraft:mob_kills":1,"minecraft:damage_dealt":100,"minecraft:traded_with_villager":1,"minecraft:play_noteblock":4,"minecraft:talked_to_villager":5,"minecraft:interact_with_crafting_table":3,"minecraft:fly_one_cm":66722,"minecraft:open_chest":29,"minecraft:play_time":43293,"minecraft:deaths":1,"minecraft:sneak_time":37,"minecraft:jump":333,"minecraft:eat_cake_slice":3,"minecraft:leave_game":2,"minecraft:time_since_death":32453,"minecraft:total_world_time":43293,"minecraft:fall_one_cm":8170},"minecraft:crafted":{"minecraft:oak_planks":12,"minecraft:crafting_table":1,"minecraft:stick":4,"minecraft:wooden_pickaxe":1,"minecraft:medium_amethyst_bud":1},"minecraft:used":{"minecraft:cooked_mutton":1,"minecraft:glass":1,"minecraft:stone_brick_slab":1,"minecraft:melon_slice":4,"minecraft:dark_oak_sign":4,"minecraft:wooden_pickaxe":50,"minecraft:stone":83,"minecraft:white_dye":4,"minecraft:glow_ink_sac":4,"minecraft:stone_brick_stairs":14,"minecraft:iron_chestplate":1,"minecraft:glowstone":1,"minecraft:crafting_table":1,"minecraft:stone_brick_wall":79},"minecraft:killed":{"knightquest:lizzy":1},"minecraft:picked_up":{"minecraft:stick":3,"minecraft:crafting_table":1,"minecraft:wheat":30,"minecraft:stone":1,"minecraft:salmon":1,"minecraft:stone_brick_slab":1,"minecraft:stone_brick_wall":1,"minecraft:note_block":1,"minecraft:stone_brick_stairs":1,"minecraft:oak_log":5,"alexsmobs:animal_dictionary":1,"minecraft:item_frame":1,"minecraft:cooked_mutton":1,"minecraft:glass":1,"minecraft:wheat_seeds":81,"minecraft:hay_block":10,"minecraft:glowstone":1,"minecraft:gold_ingot":2,"minecraft:melon_slice":35,"minecraft:coal":15,"minecraft:cobblestone":3}},"DataVersion":3465}