{"stats":{"minecraft:dropped":{"minecraft:nether_wart":2,"minecraft:feather":7,"minecraft:lead":1,"minecraft:oak_planks":8,"minecraft:acacia_fence":1,"minecraft:spruce_sapling":4},"minecraft:picked_up":{"minecraft:crafting_table":1,"minecraft:wheat":32,"minecraft:feather":2,"minecraft:chicken":1,"minecraft:nether_wart":4,"minecraft:flower_pot":1,"minecraft:salmon":1,"minecraft:leather":3,"minecraft:yellow_dye":3,"minecraft:lead":1,"minecraft:stone_brick_wall":1,"alexsmobs:bear_fur":3,"minecraft:wither_rose":1,"minecraft:stone_brick_stairs":1,"minecraft:oak_log":5,"minecraft:yellow_bed":5,"minecraft:cooked_mutton":1,"minecraft:item_frame":2,"minecraft:glass":1,"minecraft:wheat_seeds":90,"minecraft:iron_ingot":1,"minecraft:glowstone_dust":4,"minecraft:melon_slice":35,"minecraft:sugar_cane":38,"minecraft:oak_planks":8,"minecraft:furnace":1,"minecraft:book":54,"minecraft:stick":3,"minecraft:raw_iron":6,"minecraft:stone":1,"minecraft:acacia_fence":1,"minecraft:stone_brick_slab":1,"minecraft:note_block":1,"minecraft:spruce_sapling":4,"alexsmobs:animal_dictionary":1,"minecraft:hay_block":35,"minecraft:blue_ice":6,"minecraft:glowstone":1,"minecraft:gold_ingot":2,"wandering_bags:wandering_bag":1,"minecraft:coal":25,"minecraft:cobblestone":20},"minecraft:crafted":{"minecraft:oak_planks":20,"minecraft:crafting_table":2,"minecraft:wooden_pickaxe":1,"minecraft:cooked_chicken":1,"minecraft:furnace":1,"minecraft:cooked_salmon":5,"minecraft:hay_block":4,"minecraft:medium_amethyst_bud":1,"minecraft:air":0,"minecraft:iron_axe":1,"minecraft:stick":8,"minecraft:iron_ingot":6,"minecraft:stone_pickaxe":1,"minecraft:torch":48},"minecraft:custom":{"minecraft:interact_with_furnace":15,"minecraft:mob_kills":7,"minecraft:traded_with_villager":1,"minecraft:interact_with_crafting_table":9,"minecraft:eat_cake_slice":3,"minecraft:leave_game":3,"minecraft:time_since_death":75659,"minecraft:sleep_in_bed":4,"minecraft:climb_one_cm":723,"minecraft:time_since_rest":434,"minecraft:sprint_one_cm":168649,"minecraft:damage_taken":509,"minecraft:walk_one_cm":259859,"minecraft:drop":7,"minecraft:damage_dealt":1173,"minecraft:play_noteblock":4,"minecraft:talked_to_villager":9,"minecraft:fly_one_cm":97440,"minecraft:open_chest":51,"minecraft:crouch_one_cm":81,"minecraft:play_time":86499,"minecraft:deaths":1,"minecraft:sneak_time":64,"tombstone:villager_killed":1,"minecraft:jump":775,"minecraft:walk_on_water_one_cm":198,"minecraft:total_world_time":86499,"minecraft:fall_one_cm":15718},"minecraft:used":{"minecraft:cooked_mutton":1,"minecraft:stone_pickaxe":30,"minecraft:dark_oak_sign":4,"minecraft:wooden_pickaxe":60,"minecraft:stone":83,"minecraft:white_dye":4,"minecraft:glow_ink_sac":4,"minecraft:cooked_salmon":2,"minecraft:cooked_chicken":1,"minecraft:iron_chestplate":1,"minecraft:crafting_table":3,"minecraft:stone_brick_wall":79,"minecraft:glass":1,"minecraft:stone_brick_slab":1,"minecraft:iron_axe":8,"minecraft:bread":1,"minecraft:melon_slice":22,"minecraft:stone_brick_stairs":14,"minecraft:glowstone":1,"minecraft:cobblestone":3,"minecraft:furnace":1,"minecraft:yellow_bed":4,"wandering_bags:hammer_from_farlands":14},"minecraft:killed":{"alexsmobs:grizzly_bear":2,"minecraft:wandering_trader":1,"minecraft:trader_llama":2,"knightquest:lizzy":1,"minecraft:chicken":1},"minecraft:mined":{"minecraft:tuff":1,"minecraft:glass_pane":2,"minecraft:potted_wither_rose":1,"minecraft:crafting_table":1,"minecraft:note_block":1,"minecraft:grass_block":3,"minecraft:melon":8,"minecraft:cobblestone":17,"minecraft:deepslate_coal_ore":4,"minecraft:sugar_cane":21,"minecraft:nether_wart":1,"minecraft:hay_block":48,"minecraft:glowstone":1,"minecraft:furnace":1,"minecraft:wheat":31,"minecraft:cobbled_deepslate":1,"minecraft:yellow_bed":5,"minecraft:grass":1,"minecraft:bookshelf":18,"minecraft:coal_ore":20,"minecraft:oak_log":5,"minecraft:deepslate_iron_ore":6,"minecraft:acacia_fence":1,"minecraft:dirt":1,"minecraft:stone":3,"minecraft:oak_leaves":11}},"DataVersion":3465}