{"stats":{"minecraft:mined":{"minecraft:glass_pane":2,"minecraft:potted_wither_rose":1,"minecraft:crafting_table":1,"minecraft:note_block":1,"minecraft:grass_block":3,"minecraft:melon":8,"minecraft:cobblestone":3,"minecraft:sugar_cane":21,"minecraft:nether_wart":1,"minecraft:hay_block":48,"minecraft:glowstone":1,"minecraft:cobbled_deepslate":1,"minecraft:wheat":31,"minecraft:yellow_bed":2,"minecraft:grass":1,"minecraft:bookshelf":18,"minecraft:coal_ore":20,"minecraft:oak_log":5,"minecraft:deepslate_iron_ore":6,"minecraft:acacia_fence":1,"minecraft:dirt":1,"minecraft:stone":3,"minecraft:oak_leaves":6},"minecraft:custom":{"minecraft:mob_kills":1,"minecraft:traded_with_villager":1,"minecraft:interact_with_crafting_table":5,"minecraft:eat_cake_slice":3,"minecraft:leave_game":2,"minecraft:time_since_death":50453,"minecraft:sleep_in_bed":1,"minecraft:climb_one_cm":723,"minecraft:time_since_rest":6841,"minecraft:sprint_one_cm":132067,"minecraft:damage_taken":287,"minecraft:walk_one_cm":198412,"minecraft:drop":2,"minecraft:damage_dealt":125,"minecraft:play_noteblock":4,"minecraft:talked_to_villager":7,"minecraft:fly_one_cm":84446,"minecraft:open_chest":51,"minecraft:crouch_one_cm":81,"minecraft:play_time":61293,"minecraft:deaths":1,"minecraft:sneak_time":64,"minecraft:jump":555,"minecraft:walk_on_water_one_cm":198,"minecraft:total_world_time":61293,"minecraft:fall_one_cm":12130},"minecraft:dropped":{"minecraft:oak_planks":6,"minecraft:acacia_fence":1},"minecraft:crafted":{"minecraft:oak_planks":20,"minecraft:crafting_table":1,"minecraft:wooden_pickaxe":1,"minecraft:medium_amethyst_bud":1,"minecraft:stick":8,"minecraft:stone_pickaxe":1,"minecraft:torch":48},"minecraft:used":{"minecraft:cooked_mutton":1,"minecraft:stone_pickaxe":7,"minecraft:dark_oak_sign":4,"minecraft:wooden_pickaxe":60,"minecraft:stone":83,"minecraft:white_dye":4,"minecraft:glow_ink_sac":4,"minecraft:iron_chestplate":1,"minecraft:crafting_table":2,"minecraft:stone_brick_wall":79,"minecraft:glass":1,"minecraft:stone_brick_slab":1,"minecraft:melon_slice":16,"minecraft:bread":1,"minecraft:stone_brick_stairs":14,"minecraft:glowstone":1,"minecraft:cobblestone":3,"minecraft:yellow_bed":1},"minecraft:killed":{"knightquest:lizzy":1},"minecraft:picked_up":{"minecraft:crafting_table":1,"minecraft:wheat":32,"minecraft:nether_wart":2,"minecraft:flower_pot":1,"minecraft:salmon":1,"minecraft:stone_brick_wall":1,"minecraft:wither_rose":1,"minecraft:stone_brick_stairs":1,"minecraft:oak_log":5,"minecraft:yellow_bed":2,"minecraft:cooked_mutton":1,"minecraft:item_frame":2,"minecraft:glass":1,"minecraft:wheat_seeds":90,"minecraft:iron_ingot":1,"minecraft:glowstone_dust":4,"minecraft:melon_slice":35,"minecraft:sugar_cane":38,"minecraft:oak_planks":6,"minecraft:book":54,"minecraft:stick":3,"minecraft:raw_iron":6,"minecraft:stone":1,"minecraft:acacia_fence":1,"minecraft:stone_brick_slab":1,"minecraft:note_block":1,"alexsmobs:animal_dictionary":1,"minecraft:hay_block":35,"minecraft:glowstone":1,"minecraft:gold_ingot":2,"minecraft:coal":21,"minecraft:cobblestone":6}},"DataVersion":3465}