{"stats":{"minecraft:crafted":{"minecraft:black_dye":2,"minecraft:oak_planks":68,"minecraft:cooked_chicken":1,"minecraft:furnace":1,"minecraft:medium_amethyst_bud":1,"minecraft:glass":15,"minecraft:iron_axe":1,"minecraft:stone_pickaxe":1,"minecraft:chest":1,"minecraft:black_wool":2,"minecraft:wooden_shovel":1,"minecraft:cooked_porkchop":7,"minecraft:crafting_table":5,"travelersbackpack:backpack_tank":2,"minecraft:wooden_pickaxe":2,"travelersbackpack:standard":1,"minecraft:cooked_salmon":5,"travelersbackpack:black_sleeping_bag":1,"minecraft:hay_block":4,"minecraft:air":0,"minecraft:stick":12,"minecraft:iron_ingot":6,"minecraft:iron_shovel":1,"minecraft:torch":48},"minecraft:killed":{"alexsmobs:tasmanian_devil":2,"born_in_chaos_v1:maggot":1,"minecraft:skeleton":6,"minecraft:chicken":1,"minecraft:pig":6,"alexsmobs:grizzly_bear":2,"minecraft:wandering_trader":1,"minecraft:squid":1,"born_in_chaos_v1:decrepit_skeleton":1,"minecraft:trader_llama":2,"minecraft:pillager":11,"minecraft:zombie":2,"knightquest:lizzy":1},"minecraft:picked_up":{"minecraft:crafting_table":2,"minecraft:wheat":32,"minecraft:chicken":1,"minecraft:ladder":1,"minecraft:nether_wart":4,"minecraft:flower_pot":1,"minecraft:leather_leggings":1,"minecraft:lead":1,"minecraft:stone_brick_wall":1,"minecraft:wither_rose":1,"minecraft:enchanted_book":1,"minecraft:stone_brick_stairs":1,"minecraft:item_frame":2,"minecraft:experience_bottle":2,"minecraft:melon_slice":35,"minecraft:sugar_cane":38,"minecraft:birch_sapling":3,"minecraft:furnace":3,"minecraft:stick":12,"minecraft:raw_iron":6,"minecraft:stone":1,"minecraft:acacia_fence":1,"minecraft:torch":53,"minecraft:note_block":1,"minecraft:porkchop":11,"tombstone:grave_dust":2,"minecraft:arrow":6,"minecraft:rotten_flesh":3,"minecraft:hay_block":35,"minecraft:glowstone":1,"minecraft:gold_ingot":2,"minecraft:black_banner":1,"wandering_bags:wandering_bag":1,"wandering_bags:dagger_of_traitor":3,"minecraft:cobblestone":22,"minecraft:birch_log":13,"minecraft:feather":2,"wandering_bags:pillager_bag":2,"minecraft:salmon":1,"minecraft:leather":3,"minecraft:yellow_dye":3,"alexsmobs:bear_fur":3,"paraglider:spirit_orb":2,"minecraft:oak_log":66,"minecraft:chainmail_chestplate":1,"minecraft:yellow_bed":7,"minecraft:dirt":119,"minecraft:lantern":1,"tombstone:gift":1,"minecraft:leather_boots":1,"born_in_chaos_v1:marigolds":1,"minecraft:cooked_mutton":1,"minecraft:glass":1,"minecraft:bone":4,"minecraft:apple":1,"minecraft:stone_bricks":2,"minecraft:wheat_seeds":156,"minecraft:deepslate_brick_slab":6,"minecraft:iron_ingot":1,"tombstone:bag_of_seeds":1,"minecraft:glowstone_dust":4,"minecraft:moss_block":10,"minecraft:flowering_azalea":1,"minecraft:oak_planks":25,"minecraft:book":54,"minecraft:stone_brick_slab":1,"minecraft:sand":15,"minecraft:amethyst_shard":7,"minecraft:spruce_sapling":4,"minecraft:ink_sac":2,"minecraft:blast_furnace":1,"wandering_bags:emerald_of_renegade":1,"minecraft:dark_oak_log":13,"alexsmobs:animal_dictionary":1,"minecraft:iron_helmet":1,"minecraft:blue_ice":6,"knightquest:small_essence":5,"minecraft:diamond_axe":1,"minecraft:emerald":8,"minecraft:oak_sapling":9,"minecraft:coal":33},"minecraft:used":{"minecraft:iron_shovel":118,"minecraft:stone":83,"minecraft:wooden_shovel":6,"minecraft:cooked_salmon":5,"minecraft:cooked_chicken":1,"minecraft:iron_chestplate":2,"minecraft:torch":29,"minecraft:dirt":36,"minecraft:glass":1,"minecraft:stone_brick_slab":1,"minecraft:flowering_azalea":1,"minecraft:iron_axe":86,"minecraft:stone_brick_stairs":14,"minecraft:glowstone":1,"minecraft:furnace":3,"tombstone:gift":2,"wandering_bags:hammer_from_farlands":92,"minecraft:cooked_mutton":1,"minecraft:dark_oak_sign":4,"minecraft:stone_pickaxe":30,"minecraft:wooden_pickaxe":63,"minecraft:white_dye":4,"minecraft:glow_ink_sac":4,"minecraft:crafting_table":7,"minecraft:stone_brick_wall":79,"minecraft:apple":4,"minecraft:bread":1,"minecraft:melon_slice":25,"minecraft:cobblestone":3,"travelersbackpack:standard":1,"minecraft:porkchop":2,"minecraft:cooked_porkchop":1,"minecraft:cooked_rabbit":2,"minecraft:yellow_bed":6,"minecraft:experience_bottle":3},"minecraft:custom":{"minecraft:mob_kills":37,"minecraft:interact_with_crafting_table":21,"minecraft:open_barrel":1,"minecraft:eat_cake_slice":3,"minecraft:leave_game":6,"minecraft:time_since_death":1382,"minecraft:climb_one_cm":5207,"minecraft:sprint_one_cm":460420,"minecraft:walk_one_cm":474056,"minecraft:drop":19,"minecraft:play_noteblock":4,"minecraft:talked_to_villager":9,"minecraft:play_time":146710,"minecraft:deaths":4,"minecraft:sneak_time":389,"minecraft:walk_under_water_one_cm":740,"minecraft:jump":1245,"minecraft:walk_on_water_one_cm":691,"minecraft:total_world_time":146710,"minecraft:interact_with_furnace":32,"tombstone:raider_killed":11,"minecraft:traded_with_villager":1,"minecraft:sleep_in_bed":6,"minecraft:time_since_rest":14,"minecraft:damage_taken":1644,"minecraft:damage_dealt":5764,"minecraft:swim_one_cm":4835,"minecraft:player_kills":1,"minecraft:fly_one_cm":158380,"minecraft:open_chest":60,"minecraft:crouch_one_cm":1926,"tombstone:undead_killed":9,"tombstone:villager_killed":1,"minecraft:fall_one_cm":21296},"minecraft:dropped":{"minecraft:feather":7,"minecraft:lead":1,"minecraft:apple":11,"wandering_bags:emerald_of_renegade":1,"wandering_bags:dagger_of_traitor":2,"minecraft:dark_oak_log":13,"minecraft:torch":46,"minecraft:spruce_sapling":4,"minecraft:gold_ingot":1,"minecraft:note_block":1,"minecraft:nether_wart":2,"minecraft:deepslate_brick_slab":6,"minecraft:oak_planks":10,"minecraft:stone_pickaxe":1,"minecraft:acacia_fence":1},"minecraft:mined":{"minecraft:tuff":1,"minecraft:potted_wither_rose":1,"minecraft:black_terracotta":1,"minecraft:grass_block":111,"minecraft:mud_bricks":3,"minecraft:moss_block":10,"minecraft:nether_wart":1,"minecraft:spawner":1,"minecraft:hay_block":48,"minecraft:furnace":3,"minecraft:glowstone":1,"minecraft:packed_mud":1,"minecraft:cobbled_deepslate":1,"minecraft:bookshelf":18,"minecraft:deepslate_iron_ore":6,"minecraft:lantern":1,"minecraft:stone":3,"minecraft:flowering_azalea":1,"minecraft:glass_pane":2,"born_in_chaos_v1:marigolds":1,"minecraft:stone_brick_slab":1,"minecraft:polished_granite":2,"minecraft:note_block":1,"minecraft:crafting_table":2,"minecraft:torch":2,"minecraft:blast_furnace":1,"minecraft:melon":8,"minecraft:cobblestone":19,"minecraft:deepslate_coal_ore":4,"minecraft:sugar_cane":21,"minecraft:oak_planks":3,"minecraft:sculk":1,"minecraft:wall_torch":1,"minecraft:birch_log":6,"minecraft:wheat":31,"minecraft:black_wall_banner":1,"minecraft:yellow_bed":7,"minecraft:grass":5,"minecraft:coal_ore":20,"minecraft:oak_log":66,"minecraft:acacia_fence":1,"minecraft:sand":15,"minecraft:dirt":25,"minecraft:stone_bricks":2,"minecraft:small_dripleaf":2,"minecraft:oak_leaves":27},"minecraft:killed_by":{"minecraft:zombie":3}},"DataVersion":3465}