{"stats":{"minecraft:dropped":{"minecraft:note_block":1,"minecraft:nether_wart":2,"minecraft:feather":7,"minecraft:lead":1,"minecraft:oak_planks":10,"wandering_bags:emerald_of_renegade":1,"wandering_bags:dagger_of_traitor":2,"minecraft:dark_oak_log":13,"minecraft:torch":46,"minecraft:stone_pickaxe":1,"minecraft:acacia_fence":1,"minecraft:spruce_sapling":4},"minecraft:picked_up":{"minecraft:crafting_table":2,"minecraft:wheat":32,"minecraft:feather":2,"minecraft:chicken":1,"minecraft:nether_wart":4,"minecraft:flower_pot":1,"wandering_bags:pillager_bag":2,"minecraft:salmon":1,"minecraft:leather":3,"minecraft:yellow_dye":3,"minecraft:lead":1,"minecraft:enchanted_book":1,"minecraft:stone_brick_wall":1,"alexsmobs:bear_fur":3,"minecraft:wither_rose":1,"minecraft:stone_brick_stairs":1,"minecraft:oak_log":33,"minecraft:yellow_bed":6,"minecraft:dirt":3,"tombstone:gift":1,"minecraft:experience_bottle":2,"minecraft:cooked_mutton":1,"minecraft:item_frame":2,"minecraft:glass":1,"minecraft:apple":1,"minecraft:wheat_seeds":90,"minecraft:iron_ingot":1,"minecraft:glowstone_dust":4,"minecraft:melon_slice":35,"minecraft:sugar_cane":38,"minecraft:oak_planks":8,"minecraft:furnace":2,"minecraft:book":54,"minecraft:stick":3,"minecraft:raw_iron":6,"minecraft:stone":1,"minecraft:acacia_fence":1,"minecraft:stone_brick_slab":1,"minecraft:torch":46,"minecraft:porkchop":8,"minecraft:note_block":1,"minecraft:sand":15,"minecraft:amethyst_shard":7,"minecraft:spruce_sapling":4,"minecraft:ink_sac":2,"wandering_bags:emerald_of_renegade":1,"minecraft:dark_oak_log":13,"alexsmobs:animal_dictionary":1,"minecraft:hay_block":35,"knightquest:small_essence":3,"minecraft:blue_ice":6,"minecraft:emerald":8,"minecraft:glowstone":1,"minecraft:gold_ingot":2,"wandering_bags:dagger_of_traitor":3,"wandering_bags:wandering_bag":1,"minecraft:oak_sapling":1,"minecraft:coal":33,"minecraft:cobblestone":22},"minecraft:crafted":{"minecraft:black_dye":2,"minecraft:oak_planks":56,"minecraft:crafting_table":4,"travelersbackpack:backpack_tank":2,"travelersbackpack:standard":1,"minecraft:wooden_pickaxe":1,"minecraft:cooked_chicken":1,"minecraft:furnace":1,"minecraft:cooked_salmon":5,"travelersbackpack:black_sleeping_bag":1,"minecraft:hay_block":4,"minecraft:medium_amethyst_bud":1,"minecraft:air":0,"minecraft:glass":15,"minecraft:iron_axe":1,"minecraft:stick":8,"minecraft:iron_ingot":6,"minecraft:stone_pickaxe":1,"minecraft:chest":1,"minecraft:torch":48,"minecraft:black_wool":2},"minecraft:custom":{"minecraft:interact_with_furnace":23,"minecraft:mob_kills":25,"tombstone:raider_killed":11,"minecraft:traded_with_villager":1,"minecraft:interact_with_crafting_table":17,"minecraft:eat_cake_slice":3,"minecraft:leave_game":3,"minecraft:time_since_death":99659,"minecraft:sleep_in_bed":5,"minecraft:climb_one_cm":723,"minecraft:time_since_rest":11273,"minecraft:sprint_one_cm":242881,"minecraft:damage_taken":593,"minecraft:walk_one_cm":330169,"minecraft:drop":16,"minecraft:damage_dealt":4454,"minecraft:play_noteblock":4,"minecraft:swim_one_cm":4835,"minecraft:talked_to_villager":9,"minecraft:fly_one_cm":112857,"minecraft:open_chest":58,"minecraft:crouch_one_cm":81,"minecraft:play_time":110499,"tombstone:undead_killed":1,"minecraft:deaths":1,"minecraft:sneak_time":64,"minecraft:walk_under_water_one_cm":740,"tombstone:villager_killed":1,"minecraft:jump":962,"minecraft:walk_on_water_one_cm":691,"minecraft:total_world_time":110499,"minecraft:fall_one_cm":17966},"minecraft:used":{"minecraft:cooked_mutton":1,"minecraft:stone_pickaxe":30,"minecraft:dark_oak_sign":4,"minecraft:wooden_pickaxe":60,"minecraft:stone":83,"minecraft:white_dye":4,"minecraft:glow_ink_sac":4,"minecraft:cooked_salmon":4,"minecraft:cooked_chicken":1,"minecraft:iron_chestplate":1,"minecraft:torch":2,"minecraft:crafting_table":5,"minecraft:stone_brick_wall":79,"minecraft:glass":1,"minecraft:stone_brick_slab":1,"minecraft:apple":1,"minecraft:iron_axe":47,"minecraft:bread":1,"minecraft:melon_slice":25,"minecraft:stone_brick_stairs":14,"minecraft:glowstone":1,"minecraft:cobblestone":3,"travelersbackpack:standard":1,"minecraft:furnace":2,"tombstone:gift":2,"minecraft:yellow_bed":5,"wandering_bags:hammer_from_farlands":52,"minecraft:experience_bottle":3},"minecraft:killed":{"minecraft:pig":5,"alexsmobs:grizzly_bear":2,"minecraft:wandering_trader":1,"minecraft:squid":1,"born_in_chaos_v1:decrepit_skeleton":1,"minecraft:trader_llama":2,"minecraft:pillager":11,"knightquest:lizzy":1,"minecraft:chicken":1},"minecraft:mined":{"minecraft:tuff":1,"minecraft:glass_pane":2,"minecraft:potted_wither_rose":1,"minecraft:stone_brick_slab":1,"minecraft:polished_granite":2,"minecraft:crafting_table":2,"minecraft:note_block":1,"minecraft:grass_block":6,"minecraft:melon":8,"minecraft:cobblestone":19,"minecraft:deepslate_coal_ore":4,"minecraft:sugar_cane":21,"minecraft:nether_wart":1,"minecraft:hay_block":48,"minecraft:glowstone":1,"minecraft:furnace":2,"minecraft:wheat":31,"minecraft:cobbled_deepslate":1,"minecraft:yellow_bed":6,"minecraft:grass":1,"minecraft:bookshelf":18,"minecraft:coal_ore":20,"minecraft:oak_log":34,"minecraft:deepslate_iron_ore":6,"minecraft:acacia_fence":1,"minecraft:sand":15,"minecraft:dirt":2,"minecraft:stone":3,"minecraft:oak_leaves":14}},"DataVersion":3465}