{"stats":{"minecraft:dropped":{"minecraft:spruce_sign":1,"minecraft:wheat_seeds":64,"minecraft:crossbow":1,"minecraft:chainmail_helmet":1,"minecraft:birch_slab":1,"minecraft:red_carpet":2,"minecraft:dirt":7,"tombstone:grave_key":1,"minecraft:rose_bush":5,"minecraft:iron_axe":2,"minecraft:chainmail_leggings":2,"minecraft:stone_sword":2,"minecraft:beetroot":1,"minecraft:rotten_flesh":3,"minecraft:azure_bluet":1,"minecraft:shroomlight":1,"minecraft:andesite":2,"minecraft:beetroot_seeds":3,"born_in_chaos_v1:corpse_maggot":2,"minecraft:chainmail_boots":1,"minecraft:stone_pressure_plate":2,"minecraft:brown_carpet":9,"minecraft:wooden_pickaxe":2,"minecraft:scaffolding":1},"minecraft:picked_up":{"minecraft:crafting_table":3,"minecraft:wheat":70,"illagerinvasion:platinum_chunk":6,"minecraft:nether_wart":41,"minecraft:wooden_pickaxe":2,"minecraft:gold_block":1,"minecraft:string":2,"minecraft:iron_axe":2,"minecraft:item_frame":1,"minecraft:shroomlight":1,"minecraft:beetroot":1,"paraglider:rito_goddess_statue":2,"minecraft:gold_nugget":15,"minecraft:spruce_planks":2,"minecraft:beef":47,"minecraft:rose_bush":4,"minecraft:lectern":2,"minecraft:chest":1,"minecraft:furnace":3,"minecraft:raw_iron":32,"minecraft:acacia_fence":9,"minecraft:acacia_log":2,"minecraft:green_bed":3,"minecraft:porkchop":5,"tombstone:grave_dust":2,"minecraft:stone_pressure_plate":2,"wandering_bags:piglin_bag":15,"minecraft:brown_carpet":9,"minecraft:orange_bed":1,"wandering_bags:withered_bonemeal":3,"minecraft:stone_sword":1,"minecraft:arrow":1,"minecraft:rotten_flesh":4,"minecraft:beetroot_seeds":3,"minecraft:hay_block":44,"minecraft:cobblestone":62,"born_in_chaos_v1:corpse_maggot":2,"wandering_bags:pillager_bag":6,"minecraft:birch_slab":1,"minecraft:andesite":2,"minecraft:leather":32,"minecraft:smoker":1,"paraglider:spirit_orb":6,"minecraft:oak_log":17,"minecraft:dirt":10,"minecraft:red_carpet":2,"minecraft:bone":1,"minecraft:acacia_planks":1,"minecraft:apple":1,"minecraft:wheat_seeds":192,"minecraft:iron_ingot":3,"minecraft:soul_sand":15,"minecraft:scaffolding":1,"wandering_bags:chalice_of_swine":2,"minecraft:gravel":6,"minecraft:sand":40,"minecraft:spider_eye":1,"minecraft:chainmail_leggings":1,"minecraft:crossbow":2,"knightquest:small_essence":3,"minecraft:spruce_sign":1,"minecraft:emerald":12,"minecraft:oak_sapling":4,"minecraft:coal":45},"minecraft:crafted":{"minecraft:azure_bluet":1,"minecraft:oak_planks":48,"minecraft:glass":15,"minecraft:iron_boots":1,"minecraft:iron_axe":1,"minecraft:stone_pickaxe":1,"minecraft:chest":1,"minecraft:wheat":99,"minecraft:crafting_table":3,"travelersbackpack:backpack_tank":2,"minecraft:iron_helmet":1,"minecraft:wooden_pickaxe":1,"minecraft:iron_sword":2,"minecraft:stone_axe":1,"minecraft:air":0,"minecraft:bread":43,"minecraft:iron_chestplate":1,"minecraft:stick":20,"minecraft:iron_ingot":20,"minecraft:iron_pickaxe":1,"minecraft:stone_sword":1,"minecraft:iron_leggings":1,"minecraft:gold_ingot":9,"minecraft:acacia_planks":8},"minecraft:custom":{"minecraft:interact_with_anvil":1,"minecraft:mob_kills":91,"minecraft:interact_with_crafting_table":18,"minecraft:open_barrel":24,"minecraft:leave_game":3,"minecraft:time_since_death":2126,"minecraft:climb_one_cm":3542,"minecraft:sprint_one_cm":201987,"minecraft:walk_one_cm":568244,"minecraft:drop":36,"minecraft:talked_to_villager":3,"minecraft:deaths":15,"minecraft:play_time":100319,"minecraft:sneak_time":176,"minecraft:walk_under_water_one_cm":401,"minecraft:jump":1559,"minecraft:walk_on_water_one_cm":208,"minecraft:total_world_time":100319,"minecraft:interact_with_furnace":27,"tombstone:raider_killed":22,"minecraft:traded_with_villager":1,"minecraft:sleep_in_bed":2,"minecraft:time_since_rest":2103,"minecraft:damage_taken":5474,"minecraft:damage_dealt":18835,"minecraft:swim_one_cm":2351,"minecraft:fly_one_cm":104757,"minecraft:open_chest":53,"minecraft:crouch_one_cm":258,"tombstone:undead_killed":4,"minecraft:interact_with_smoker":1,"minecraft:fall_one_cm":41543,"minecraft:inspect_dispenser":1,"minecraft:horse_one_cm":112},"minecraft:killed_by":{"minecraft:piglin_brute":8,"minecraft:pillager":2},"minecraft:used":{"minecraft:stone_sword":55,"minecraft:iron_sword":351,"minecraft:rotten_flesh":1,"minecraft:iron_chestplate":1,"minecraft:orange_bed":1,"minecraft:dirt":2,"minecraft:iron_axe":34,"paraglider:rito_goddess_statue":1,"minecraft:furnace":3,"tombstone:gift":2,"minecraft:stone_pickaxe":127,"minecraft:wooden_pickaxe":44,"minecraft:chainmail_helmet":1,"minecraft:green_bed":3,"minecraft:crafting_table":6,"minecraft:bread":31,"minecraft:iron_pickaxe":22,"minecraft:gravel":2,"minecraft:stone_axe":22,"minecraft:chainmail_boots":1,"minecraft:experience_bottle":3,"minecraft:chainmail_leggings":1},"minecraft:killed":{"minecraft:spider":1,"minecraft:skeleton":1,"minecraft:piglin_brute":26,"minecraft:piglin":6,"minecraft:pillager":22,"minecraft:zombie":3,"born_in_chaos_v1:corpse_fly":3,"minecraft:cow":23},"minecraft:mined":{"minecraft:yellow_terracotta":7,"minecraft:tuff":1,"minecraft:red_carpet":2,"minecraft:spruce_planks":3,"paraglider:rito_goddess_statue":2,"minecraft:cave_vines_plant":1,"minecraft:acacia_log":6,"minecraft:grass_block":6,"minecraft:birch_slab":1,"minecraft:moss_block":3,"minecraft:red_mushroom":1,"minecraft:nether_wart":12,"minecraft:spawner":3,"minecraft:hay_block":44,"minecraft:furnace":3,"minecraft:iron_ore":36,"minecraft:andesite":2,"minecraft:gold_block":1,"minecraft:deepslate_iron_ore":3,"minecraft:dirt_path":1,"minecraft:cave_vines":1,"minecraft:shroomlight":1,"minecraft:stone":71,"minecraft:spruce_slab":1,"minecraft:green_bed":3,"minecraft:orange_bed":1,"minecraft:acacia_leaves":4,"minecraft:scaffolding":2,"minecraft:glass_pane":1,"minecraft:soul_sand":15,"minecraft:smoker":1,"minecraft:brown_carpet":9,"minecraft:crafting_table":3,"minecraft:rose_bush":3,"minecraft:lectern":2,"minecraft:mushroom_stem":26,"minecraft:stone_slab":1,"minecraft:tall_grass":1,"minecraft:glass":2,"minecraft:red_terracotta":4,"minecraft:wheat":78,"minecraft:grass":7,"minecraft:coal_ore":26,"minecraft:oak_log":18,"minecraft:beetroots":1,"minecraft:acacia_fence":9,"minecraft:sand":40,"minecraft:gravel":4,"minecraft:dirt":7,"minecraft:acacia_planks":2,"minecraft:oak_leaves":4}},"DataVersion":3465}