{"stats":{"minecraft:mined":{"minecraft:yellow_terracotta":7,"minecraft:acacia_leaves":4,"minecraft:scaffolding":2,"minecraft:glass_pane":1,"minecraft:soul_sand":15,"minecraft:smoker":1,"minecraft:brown_carpet":9,"paraglider:rito_goddess_statue":1,"minecraft:crafting_table":2,"minecraft:acacia_log":6,"minecraft:grass_block":5,"minecraft:rose_bush":1,"minecraft:mushroom_stem":2,"minecraft:stone_slab":1,"minecraft:glass":2,"minecraft:tall_grass":1,"minecraft:nether_wart":12,"minecraft:spawner":1,"minecraft:hay_block":44,"minecraft:red_terracotta":4,"minecraft:furnace":3,"minecraft:iron_ore":36,"minecraft:wheat":78,"minecraft:grass":6,"minecraft:coal_ore":26,"minecraft:oak_log":18,"minecraft:beetroots":1,"minecraft:dirt_path":1,"minecraft:acacia_fence":9,"minecraft:gravel":3,"minecraft:dirt":7,"minecraft:stone":71,"minecraft:orange_bed":1,"minecraft:oak_leaves":3,"minecraft:green_bed":3},"minecraft:custom":{"minecraft:interact_with_furnace":13,"minecraft:mob_kills":13,"minecraft:interact_with_anvil":1,"minecraft:traded_with_villager":1,"minecraft:interact_with_crafting_table":9,"minecraft:open_barrel":8,"minecraft:leave_game":1,"minecraft:time_since_death":5799,"minecraft:sleep_in_bed":2,"minecraft:climb_one_cm":2422,"minecraft:time_since_rest":5492,"minecraft:sprint_one_cm":98472,"minecraft:damage_taken":890,"minecraft:walk_one_cm":318850,"minecraft:drop":8,"minecraft:damage_dealt":2582,"minecraft:talked_to_villager":3,"minecraft:swim_one_cm":2351,"minecraft:fly_one_cm":41953,"minecraft:open_chest":50,"minecraft:crouch_one_cm":55,"minecraft:play_time":51322,"tombstone:undead_killed":1,"minecraft:deaths":3,"minecraft:sneak_time":49,"minecraft:walk_under_water_one_cm":401,"minecraft:jump":703,"minecraft:walk_on_water_one_cm":208,"minecraft:interact_with_smoker":1,"minecraft:total_world_time":51322,"minecraft:fall_one_cm":17998,"minecraft:inspect_dispenser":1,"minecraft:horse_one_cm":112},"minecraft:dropped":{"minecraft:wheat_seeds":64,"minecraft:azure_bluet":1,"tombstone:grave_key":1,"minecraft:stone_pressure_plate":2,"minecraft:brown_carpet":9,"minecraft:iron_axe":1,"minecraft:wooden_pickaxe":1,"minecraft:scaffolding":1},"minecraft:crafted":{"minecraft:azure_bluet":1,"minecraft:oak_planks":40,"minecraft:crafting_table":1,"minecraft:wooden_pickaxe":1,"minecraft:iron_sword":1,"minecraft:stone_axe":1,"minecraft:bread":43,"minecraft:air":0,"minecraft:iron_chestplate":1,"minecraft:iron_axe":1,"minecraft:stick":16,"minecraft:iron_ingot":13,"minecraft:stone_pickaxe":1,"minecraft:stone_sword":1,"minecraft:wheat":99},"minecraft:used":{"minecraft:stone_sword":4,"minecraft:stone_pickaxe":127,"minecraft:wooden_pickaxe":39,"minecraft:iron_sword":52,"minecraft:chainmail_helmet":1,"minecraft:green_bed":3,"minecraft:iron_chestplate":1,"minecraft:orange_bed":1,"minecraft:dirt":2,"minecraft:crafting_table":3,"minecraft:iron_axe":11,"minecraft:bread":11,"minecraft:gravel":2,"minecraft:stone_axe":22,"minecraft:chainmail_boots":1,"tombstone:gift":1,"minecraft:experience_bottle":3,"minecraft:chainmail_leggings":1},"minecraft:killed_by":{"minecraft:piglin_brute":1},"minecraft:killed":{"minecraft:piglin":2,"minecraft:skeleton":1,"minecraft:piglin_brute":5,"minecraft:cow":5},"minecraft:picked_up":{"minecraft:crafting_table":2,"minecraft:wheat":70,"minecraft:nether_wart":41,"minecraft:leather":4,"minecraft:wooden_pickaxe":1,"minecraft:smoker":1,"paraglider:spirit_orb":2,"minecraft:oak_log":17,"minecraft:dirt":10,"minecraft:iron_axe":1,"minecraft:item_frame":1,"minecraft:bone":1,"minecraft:beetroot":1,"minecraft:apple":1,"minecraft:wheat_seeds":192,"paraglider:rito_goddess_statue":1,"minecraft:beef":12,"minecraft:iron_ingot":3,"minecraft:soul_sand":15,"minecraft:furnace":3,"minecraft:scaffolding":1,"minecraft:raw_iron":29,"minecraft:acacia_fence":9,"minecraft:green_bed":3,"minecraft:acacia_log":2,"minecraft:gravel":2,"minecraft:porkchop":5,"tombstone:grave_dust":2,"wandering_bags:piglin_bag":3,"minecraft:stone_pressure_plate":2,"minecraft:brown_carpet":9,"minecraft:orange_bed":1,"minecraft:arrow":1,"minecraft:beetroot_seeds":3,"minecraft:hay_block":44,"minecraft:oak_sapling":3,"minecraft:coal":45,"minecraft:cobblestone":62}},"DataVersion":3465}