{"stats":{"minecraft:dropped":{"minecraft:wheat_seeds":64,"minecraft:rotten_flesh":1,"minecraft:azure_bluet":1,"minecraft:birch_slab":1,"tombstone:grave_key":1,"minecraft:rose_bush":1,"minecraft:andesite":1,"minecraft:beetroot_seeds":3,"minecraft:stone_pressure_plate":2,"minecraft:brown_carpet":9,"minecraft:iron_axe":1,"minecraft:wooden_pickaxe":1,"minecraft:scaffolding":1},"minecraft:picked_up":{"born_in_chaos_v1:corpse_maggot":2,"minecraft:crafting_table":3,"minecraft:wheat":70,"minecraft:nether_wart":41,"minecraft:birch_slab":1,"minecraft:andesite":1,"minecraft:leather":29,"minecraft:wooden_pickaxe":1,"minecraft:smoker":1,"paraglider:spirit_orb":4,"minecraft:oak_log":17,"minecraft:dirt":10,"minecraft:iron_axe":1,"minecraft:item_frame":1,"minecraft:bone":1,"minecraft:shroomlight":1,"minecraft:acacia_planks":1,"minecraft:beetroot":1,"minecraft:apple":1,"minecraft:wheat_seeds":192,"paraglider:rito_goddess_statue":2,"minecraft:gold_nugget":15,"minecraft:spruce_planks":2,"minecraft:iron_ingot":3,"minecraft:beef":42,"minecraft:rose_bush":2,"minecraft:chest":1,"minecraft:soul_sand":15,"minecraft:furnace":3,"minecraft:scaffolding":1,"minecraft:raw_iron":29,"wandering_bags:chalice_of_swine":2,"minecraft:acacia_fence":9,"minecraft:green_bed":3,"minecraft:acacia_log":2,"minecraft:gravel":2,"minecraft:porkchop":5,"tombstone:grave_dust":2,"minecraft:orange_bed":1,"wandering_bags:piglin_bag":14,"minecraft:stone_pressure_plate":2,"minecraft:brown_carpet":9,"wandering_bags:withered_bonemeal":3,"minecraft:arrow":1,"minecraft:rotten_flesh":2,"minecraft:beetroot_seeds":3,"minecraft:hay_block":44,"knightquest:small_essence":2,"minecraft:emerald":4,"minecraft:oak_sapling":4,"minecraft:coal":45,"minecraft:cobblestone":62},"minecraft:crafted":{"minecraft:azure_bluet":1,"minecraft:oak_planks":44,"minecraft:crafting_table":2,"minecraft:wooden_pickaxe":1,"minecraft:iron_sword":1,"minecraft:stone_axe":1,"minecraft:bread":43,"minecraft:air":0,"minecraft:iron_chestplate":1,"minecraft:iron_axe":1,"minecraft:stick":16,"minecraft:iron_ingot":13,"minecraft:stone_pickaxe":1,"minecraft:stone_sword":1,"minecraft:chest":1,"minecraft:acacia_planks":8,"minecraft:wheat":99},"minecraft:custom":{"minecraft:interact_with_furnace":15,"minecraft:mob_kills":64,"minecraft:interact_with_anvil":1,"tombstone:raider_killed":5,"minecraft:traded_with_villager":1,"minecraft:interact_with_crafting_table":11,"minecraft:open_barrel":14,"minecraft:leave_game":2,"minecraft:time_since_death":252,"minecraft:sleep_in_bed":2,"minecraft:climb_one_cm":2964,"minecraft:time_since_rest":1,"minecraft:sprint_one_cm":151097,"minecraft:damage_taken":3625,"minecraft:walk_one_cm":451453,"minecraft:drop":13,"minecraft:damage_dealt":13079,"minecraft:talked_to_villager":3,"minecraft:swim_one_cm":2351,"minecraft:fly_one_cm":62419,"minecraft:open_chest":51,"minecraft:crouch_one_cm":254,"minecraft:play_time":76327,"tombstone:undead_killed":3,"minecraft:deaths":11,"minecraft:sneak_time":101,"minecraft:walk_under_water_one_cm":401,"minecraft:jump":1030,"minecraft:walk_on_water_one_cm":208,"minecraft:interact_with_smoker":1,"minecraft:total_world_time":76327,"minecraft:fall_one_cm":24915,"minecraft:inspect_dispenser":1,"minecraft:horse_one_cm":112},"minecraft:killed_by":{"minecraft:piglin_brute":8},"minecraft:used":{"minecraft:stone_sword":38,"minecraft:stone_pickaxe":127,"minecraft:wooden_pickaxe":44,"minecraft:iron_sword":245,"minecraft:chainmail_helmet":1,"minecraft:green_bed":3,"minecraft:rotten_flesh":1,"minecraft:iron_chestplate":1,"minecraft:orange_bed":1,"minecraft:dirt":2,"minecraft:crafting_table":5,"minecraft:iron_axe":31,"minecraft:bread":22,"minecraft:stone_axe":22,"minecraft:gravel":2,"paraglider:rito_goddess_statue":1,"minecraft:chainmail_boots":1,"tombstone:gift":1,"minecraft:experience_bottle":3,"minecraft:chainmail_leggings":1},"minecraft:killed":{"minecraft:piglin":6,"minecraft:skeleton":1,"minecraft:pillager":5,"minecraft:zombie":2,"born_in_chaos_v1:corpse_fly":3,"minecraft:piglin_brute":25,"minecraft:cow":20},"minecraft:mined":{"minecraft:yellow_terracotta":7,"minecraft:spruce_planks":3,"minecraft:acacia_leaves":4,"minecraft:scaffolding":2,"minecraft:glass_pane":1,"minecraft:soul_sand":15,"minecraft:smoker":1,"minecraft:brown_carpet":9,"paraglider:rito_goddess_statue":2,"minecraft:crafting_table":3,"minecraft:cave_vines_plant":1,"minecraft:acacia_log":6,"minecraft:grass_block":5,"minecraft:rose_bush":3,"minecraft:mushroom_stem":11,"minecraft:stone_slab":1,"minecraft:glass":2,"minecraft:tall_grass":1,"minecraft:birch_slab":1,"minecraft:red_mushroom":1,"minecraft:moss_block":3,"minecraft:nether_wart":12,"minecraft:spawner":2,"minecraft:hay_block":44,"minecraft:red_terracotta":4,"minecraft:furnace":3,"minecraft:iron_ore":36,"minecraft:wheat":78,"minecraft:andesite":1,"minecraft:grass":7,"minecraft:cave_vines":1,"minecraft:coal_ore":26,"minecraft:oak_log":18,"minecraft:beetroots":1,"minecraft:shroomlight":1,"minecraft:dirt_path":1,"minecraft:acacia_fence":9,"minecraft:gravel":3,"minecraft:dirt":7,"minecraft:acacia_planks":2,"minecraft:stone":71,"minecraft:oak_leaves":4,"minecraft:spruce_slab":1,"minecraft:green_bed":3,"minecraft:orange_bed":1}},"DataVersion":3465}