{"stats":{"minecraft:dropped":{"minecraft:bread":1,"minecraft:spruce_sign":1,"minecraft:wheat_seeds":64,"minecraft:crossbow":1,"minecraft:red_wool":6,"minecraft:chainmail_helmet":1,"minecraft:birch_slab":1,"minecraft:red_mushroom":2,"minecraft:red_carpet":2,"minecraft:dirt":9,"wandering_bags:pillager_bag":6,"illagerinvasion:platinum_chunk":6,"minecraft:torch":1,"tombstone:grave_key":1,"minecraft:mutton":1,"minecraft:rose_bush":5,"minecraft:iron_axe":2,"minecraft:chainmail_leggings":2,"minecraft:gravel":4,"minecraft:stone_sword":2,"minecraft:beetroot":1,"minecraft:rotten_flesh":3,"minecraft:oak_planks":1,"minecraft:azure_bluet":1,"minecraft:shroomlight":1,"minecraft:andesite":2,"minecraft:beetroot_seeds":3,"born_in_chaos_v1:corpse_maggot":2,"minecraft:chainmail_boots":1,"minecraft:stone_pressure_plate":2,"minecraft:spider_eye":1,"minecraft:brown_carpet":9,"minecraft:arrow":1,"minecraft:wooden_pickaxe":2,"minecraft:scaffolding":1,"minecraft:lectern":2},"minecraft:picked_up":{"minecraft:crafting_table":4,"minecraft:wheat":70,"illagerinvasion:platinum_chunk":13,"minecraft:nether_wart":41,"minecraft:wooden_pickaxe":2,"minecraft:gold_block":1,"minecraft:enchanted_book":1,"minecraft:string":2,"minecraft:iron_axe":2,"minecraft:item_frame":1,"minecraft:shroomlight":1,"minecraft:beetroot":1,"paraglider:rito_goddess_statue":2,"minecraft:gold_nugget":15,"minecraft:spruce_planks":2,"minecraft:beef":47,"minecraft:rose_bush":4,"minecraft:lectern":4,"minecraft:chest":1,"minecraft:furnace":7,"minecraft:raw_iron":32,"minecraft:acacia_fence":9,"minecraft:torch":1,"minecraft:acacia_log":2,"minecraft:green_bed":4,"minecraft:porkchop":5,"tombstone:grave_dust":2,"minecraft:stone_pressure_plate":2,"wandering_bags:piglin_bag":15,"minecraft:brown_carpet":9,"minecraft:orange_bed":1,"wandering_bags:withered_bonemeal":3,"minecraft:stone_sword":1,"minecraft:arrow":1,"minecraft:rotten_flesh":4,"minecraft:beetroot_seeds":3,"minecraft:hay_block":47,"minecraft:mutton":1,"minecraft:white_wool":2,"minecraft:cobblestone":63,"born_in_chaos_v1:corpse_maggot":2,"wandering_bags:pillager_bag":12,"minecraft:birch_slab":1,"minecraft:andesite":2,"minecraft:leather":32,"minecraft:red_mushroom":2,"minecraft:smoker":1,"paraglider:spirit_orb":6,"minecraft:oak_log":17,"minecraft:dirt":12,"minecraft:red_carpet":2,"minecraft:bone":1,"minecraft:acacia_planks":1,"minecraft:apple":1,"minecraft:wheat_seeds":192,"minecraft:iron_ingot":3,"minecraft:oak_planks":1,"minecraft:soul_sand":15,"minecraft:scaffolding":1,"wandering_bags:chalice_of_swine":2,"minecraft:red_wool":14,"minecraft:gravel":6,"minecraft:sand":54,"minecraft:spider_eye":1,"minecraft:orange_wool":3,"minecraft:chainmail_leggings":1,"minecraft:crossbow":2,"knightquest:small_essence":3,"minecraft:spruce_sign":1,"minecraft:bread":1,"minecraft:emerald":14,"minecraft:oak_sapling":4,"minecraft:damaged_anvil":1,"minecraft:coal":46},"minecraft:crafted":{"minecraft:azure_bluet":1,"minecraft:oak_planks":48,"minecraft:glass":26,"minecraft:iron_boots":1,"minecraft:iron_axe":1,"minecraft:stone_pickaxe":1,"minecraft:chest":4,"minecraft:wheat":99,"minecraft:crafting_table":3,"travelersbackpack:backpack_tank":4,"travelersbackpack:standard":2,"minecraft:iron_helmet":1,"minecraft:wooden_pickaxe":1,"minecraft:iron_sword":2,"minecraft:stone_axe":1,"minecraft:air":0,"minecraft:bread":43,"travelersbackpack:red_sleeping_bag":1,"minecraft:iron_chestplate":1,"minecraft:stick":20,"travelersbackpack:orange_sleeping_bag":1,"minecraft:iron_ingot":29,"minecraft:iron_pickaxe":1,"minecraft:stone_sword":1,"minecraft:iron_leggings":1,"minecraft:gold_ingot":9,"minecraft:acacia_planks":8},"minecraft:custom":{"minecraft:interact_with_anvil":1,"minecraft:mob_kills":96,"minecraft:interact_with_crafting_table":25,"minecraft:open_barrel":30,"minecraft:leave_game":3,"minecraft:time_since_death":17396,"minecraft:climb_one_cm":3542,"minecraft:sprint_one_cm":297524,"minecraft:walk_one_cm":617615,"minecraft:drop":51,"minecraft:talked_to_villager":4,"minecraft:deaths":16,"minecraft:play_time":118319,"minecraft:sneak_time":181,"minecraft:walk_under_water_one_cm":401,"minecraft:jump":1980,"minecraft:walk_on_water_one_cm":208,"minecraft:total_world_time":118319,"minecraft:interact_with_furnace":31,"tombstone:raider_killed":24,"minecraft:traded_with_villager":1,"minecraft:sleep_in_bed":3,"minecraft:time_since_rest":1284,"minecraft:damage_taken":5912,"minecraft:damage_dealt":19415,"minecraft:swim_one_cm":2351,"minecraft:fly_one_cm":174027,"minecraft:open_chest":57,"minecraft:crouch_one_cm":258,"tombstone:undead_killed":4,"minecraft:interact_with_smoker":1,"minecraft:fall_one_cm":58376,"minecraft:inspect_dispenser":1,"minecraft:horse_one_cm":112},"minecraft:killed_by":{"minecraft:piglin_brute":8,"minecraft:pillager":2},"minecraft:used":{"minecraft:stone_sword":55,"minecraft:iron_sword":365,"minecraft:rotten_flesh":1,"minecraft:iron_chestplate":1,"minecraft:orange_bed":1,"minecraft:dirt":2,"minecraft:iron_axe":38,"paraglider:rito_goddess_statue":1,"minecraft:furnace":3,"tombstone:gift":2,"minecraft:acacia_planks":1,"minecraft:stone_pickaxe":127,"minecraft:wooden_pickaxe":44,"minecraft:chainmail_helmet":1,"minecraft:green_bed":3,"minecraft:crafting_table":6,"minecraft:bread":40,"minecraft:iron_pickaxe":34,"minecraft:gravel":2,"minecraft:stone_axe":22,"minecraft:cobblestone":1,"travelersbackpack:standard":3,"minecraft:chainmail_boots":1,"minecraft:experience_bottle":3,"minecraft:chainmail_leggings":1},"minecraft:killed":{"minecraft:spider":1,"minecraft:skeleton":1,"minecraft:piglin_brute":26,"minecraft:piglin":6,"minecraft:sheep":2,"minecraft:pillager":24,"minecraft:zombie":3,"born_in_chaos_v1:corpse_fly":3,"alexsmobs:gazelle":1,"minecraft:cow":23},"minecraft:mined":{"minecraft:yellow_terracotta":7,"minecraft:tuff":1,"minecraft:red_carpet":2,"minecraft:spruce_planks":3,"paraglider:rito_goddess_statue":2,"minecraft:orange_wool":4,"minecraft:cave_vines_plant":1,"minecraft:acacia_log":6,"minecraft:grass_block":7,"minecraft:birch_slab":1,"minecraft:moss_block":3,"minecraft:red_mushroom":1,"minecraft:nether_wart":12,"minecraft:spawner":3,"minecraft:hay_block":47,"minecraft:furnace":7,"minecraft:iron_ore":36,"minecraft:andesite":2,"minecraft:gold_block":1,"graveyard:sarcophagus":1,"minecraft:deepslate_iron_ore":3,"minecraft:dirt_path":1,"minecraft:cave_vines":1,"minecraft:shroomlight":1,"minecraft:stone":71,"minecraft:spruce_slab":1,"minecraft:green_bed":4,"minecraft:orange_bed":1,"minecraft:acacia_leaves":4,"minecraft:scaffolding":2,"minecraft:glass_pane":1,"minecraft:red_wool":8,"minecraft:soul_sand":15,"minecraft:smoker":1,"graveyard:deepslate_gravestone":1,"minecraft:brown_carpet":9,"minecraft:deepslate_tile_slab":1,"minecraft:crafting_table":4,"minecraft:rose_bush":3,"minecraft:lectern":2,"minecraft:mushroom_stem":28,"minecraft:stone_slab":1,"minecraft:tall_grass":2,"minecraft:glass":2,"minecraft:cobblestone":4,"minecraft:oak_planks":3,"minecraft:damaged_anvil":1,"minecraft:red_terracotta":4,"minecraft:wheat":78,"minecraft:grass":7,"minecraft:coal_ore":26,"minecraft:oak_log":18,"minecraft:beetroots":1,"minecraft:acacia_fence":9,"minecraft:sand":40,"minecraft:gravel":4,"minecraft:dirt":8,"minecraft:acacia_planks":2,"minecraft:red_mushroom_block":8,"minecraft:oak_leaves":4}},"DataVersion":3465}