{"stats":{"minecraft:mined":{"minecraft:yellow_terracotta":7,"minecraft:scaffolding":2,"minecraft:acacia_leaves":4,"minecraft:glass_pane":1,"minecraft:soul_sand":15,"minecraft:brown_carpet":9,"paraglider:rito_goddess_statue":1,"minecraft:crafting_table":2,"minecraft:acacia_log":4,"minecraft:grass_block":5,"minecraft:glass":2,"minecraft:tall_grass":1,"minecraft:nether_wart":12,"minecraft:hay_block":24,"minecraft:red_terracotta":4,"minecraft:furnace":3,"minecraft:iron_ore":22,"minecraft:wheat":78,"minecraft:grass":6,"minecraft:oak_log":18,"minecraft:coal_ore":26,"minecraft:dirt_path":1,"minecraft:acacia_fence":8,"minecraft:gravel":3,"minecraft:dirt":7,"minecraft:stone":70,"minecraft:oak_leaves":3,"minecraft:orange_bed":1,"minecraft:green_bed":2},"minecraft:custom":{"minecraft:interact_with_furnace":10,"minecraft:mob_kills":1,"minecraft:traded_with_villager":1,"minecraft:interact_with_crafting_table":8,"minecraft:time_since_death":33686,"minecraft:sleep_in_bed":2,"minecraft:climb_one_cm":1358,"minecraft:time_since_rest":14683,"minecraft:sprint_one_cm":54038,"minecraft:damage_taken":360,"minecraft:walk_one_cm":256335,"minecraft:drop":4,"minecraft:damage_dealt":239,"minecraft:swim_one_cm":2351,"minecraft:talked_to_villager":3,"minecraft:fly_one_cm":14423,"minecraft:open_chest":44,"minecraft:crouch_one_cm":55,"minecraft:deaths":2,"minecraft:play_time":38125,"tombstone:undead_killed":1,"minecraft:sneak_time":49,"minecraft:walk_under_water_one_cm":401,"minecraft:jump":505,"minecraft:walk_on_water_one_cm":208,"minecraft:total_world_time":38125,"minecraft:inspect_dispenser":1,"minecraft:fall_one_cm":12895,"minecraft:horse_one_cm":112},"minecraft:dropped":{"minecraft:azure_bluet":1,"tombstone:grave_key":1,"minecraft:brown_carpet":9,"minecraft:iron_axe":1},"minecraft:crafted":{"minecraft:azure_bluet":1,"minecraft:oak_planks":40,"minecraft:crafting_table":1,"minecraft:wooden_pickaxe":1,"minecraft:iron_sword":1,"minecraft:stone_axe":1,"minecraft:air":0,"minecraft:bread":43,"minecraft:iron_chestplate":1,"minecraft:iron_axe":1,"minecraft:stick":16,"minecraft:iron_ingot":13,"minecraft:stone_pickaxe":1,"minecraft:stone_sword":1,"minecraft:wheat":99},"minecraft:used":{"minecraft:stone_sword":4,"minecraft:stone_pickaxe":113,"minecraft:wooden_pickaxe":33,"minecraft:chainmail_helmet":1,"minecraft:green_bed":1,"minecraft:iron_chestplate":1,"minecraft:orange_bed":1,"minecraft:dirt":2,"minecraft:crafting_table":3,"minecraft:iron_axe":8,"minecraft:bread":7,"minecraft:gravel":2,"minecraft:stone_axe":22,"minecraft:chainmail_boots":1,"tombstone:gift":1,"minecraft:chainmail_leggings":1,"minecraft:experience_bottle":3},"minecraft:killed":{"minecraft:skeleton":1},"minecraft:picked_up":{"minecraft:crafting_table":2,"minecraft:wheat":70,"minecraft:nether_wart":41,"minecraft:oak_log":17,"minecraft:dirt":10,"minecraft:iron_axe":1,"minecraft:item_frame":1,"minecraft:bone":1,"minecraft:apple":1,"paraglider:rito_goddess_statue":1,"minecraft:wheat_seeds":192,"minecraft:iron_ingot":3,"minecraft:soul_sand":15,"minecraft:furnace":3,"minecraft:scaffolding":1,"minecraft:raw_iron":15,"minecraft:acacia_fence":8,"minecraft:green_bed":2,"minecraft:gravel":2,"tombstone:grave_dust":2,"minecraft:stone_pressure_plate":2,"minecraft:brown_carpet":9,"minecraft:orange_bed":1,"minecraft:arrow":1,"minecraft:hay_block":24,"minecraft:oak_sapling":3,"minecraft:coal":45,"minecraft:cobblestone":61}},"DataVersion":3465}