{"stats":{"minecraft:mined":{"minecraft:yellow_terracotta":7,"minecraft:spruce_planks":1,"minecraft:acacia_leaves":4,"minecraft:scaffolding":2,"minecraft:glass_pane":1,"minecraft:soul_sand":15,"minecraft:smoker":1,"minecraft:brown_carpet":9,"paraglider:rito_goddess_statue":2,"minecraft:crafting_table":3,"minecraft:acacia_log":6,"minecraft:grass_block":5,"minecraft:rose_bush":1,"minecraft:mushroom_stem":2,"minecraft:stone_slab":1,"minecraft:glass":2,"minecraft:tall_grass":1,"minecraft:moss_block":3,"minecraft:nether_wart":12,"minecraft:spawner":2,"minecraft:hay_block":44,"minecraft:red_terracotta":4,"minecraft:furnace":3,"minecraft:iron_ore":36,"minecraft:wheat":78,"minecraft:andesite":1,"minecraft:cave_vines":1,"minecraft:grass":6,"minecraft:coal_ore":26,"minecraft:oak_log":18,"minecraft:beetroots":1,"minecraft:dirt_path":1,"minecraft:acacia_fence":9,"minecraft:gravel":3,"minecraft:dirt":7,"minecraft:stone":71,"minecraft:spruce_slab":1,"minecraft:orange_bed":1,"minecraft:oak_leaves":4,"minecraft:green_bed":3},"minecraft:custom":{"minecraft:interact_with_furnace":14,"minecraft:mob_kills":29,"minecraft:interact_with_anvil":1,"tombstone:raider_killed":4,"minecraft:traded_with_villager":1,"minecraft:interact_with_crafting_table":11,"minecraft:open_barrel":11,"minecraft:leave_game":1,"minecraft:time_since_death":321,"minecraft:sleep_in_bed":2,"minecraft:climb_one_cm":2964,"minecraft:time_since_rest":1,"minecraft:sprint_one_cm":126823,"minecraft:damage_taken":1657,"minecraft:walk_one_cm":370033,"minecraft:drop":11,"minecraft:damage_dealt":5682,"minecraft:talked_to_villager":3,"minecraft:swim_one_cm":2351,"minecraft:fly_one_cm":47367,"minecraft:open_chest":51,"minecraft:crouch_one_cm":254,"minecraft:play_time":63322,"tombstone:undead_killed":3,"minecraft:deaths":5,"minecraft:sneak_time":101,"minecraft:walk_under_water_one_cm":401,"minecraft:jump":772,"minecraft:walk_on_water_one_cm":208,"minecraft:interact_with_smoker":1,"minecraft:total_world_time":63322,"minecraft:fall_one_cm":21126,"minecraft:inspect_dispenser":1,"minecraft:horse_one_cm":112},"minecraft:dropped":{"minecraft:wheat_seeds":64,"minecraft:rotten_flesh":1,"minecraft:azure_bluet":1,"tombstone:grave_key":1,"minecraft:andesite":1,"minecraft:beetroot_seeds":3,"minecraft:stone_pressure_plate":2,"minecraft:brown_carpet":9,"minecraft:iron_axe":1,"minecraft:wooden_pickaxe":1,"minecraft:scaffolding":1},"minecraft:crafted":{"minecraft:azure_bluet":1,"minecraft:oak_planks":44,"minecraft:crafting_table":2,"minecraft:wooden_pickaxe":1,"minecraft:iron_sword":1,"minecraft:stone_axe":1,"minecraft:bread":43,"minecraft:air":0,"minecraft:iron_chestplate":1,"minecraft:iron_axe":1,"minecraft:stick":16,"minecraft:chest":1,"minecraft:iron_ingot":13,"minecraft:stone_pickaxe":1,"minecraft:stone_sword":1,"minecraft:acacia_planks":8,"minecraft:wheat":99},"minecraft:used":{"minecraft:stone_sword":4,"minecraft:stone_pickaxe":127,"minecraft:wooden_pickaxe":42,"minecraft:iron_sword":113,"minecraft:chainmail_helmet":1,"minecraft:green_bed":3,"minecraft:rotten_flesh":1,"minecraft:iron_chestplate":1,"minecraft:orange_bed":1,"minecraft:dirt":2,"minecraft:crafting_table":4,"minecraft:iron_axe":18,"minecraft:bread":17,"minecraft:gravel":2,"paraglider:rito_goddess_statue":1,"minecraft:stone_axe":22,"minecraft:chainmail_boots":1,"tombstone:gift":1,"minecraft:experience_bottle":3,"minecraft:chainmail_leggings":1},"minecraft:killed_by":{"minecraft:piglin_brute":2},"minecraft:killed":{"minecraft:piglin":2,"minecraft:skeleton":1,"minecraft:pillager":4,"minecraft:zombie":2,"born_in_chaos_v1:corpse_fly":2,"minecraft:piglin_brute":9,"minecraft:cow":9},"minecraft:picked_up":{"minecraft:crafting_table":3,"minecraft:wheat":70,"minecraft:andesite":1,"minecraft:nether_wart":41,"minecraft:leather":18,"minecraft:wooden_pickaxe":1,"minecraft:smoker":1,"paraglider:spirit_orb":4,"minecraft:oak_log":17,"minecraft:dirt":10,"minecraft:iron_axe":1,"minecraft:item_frame":1,"minecraft:bone":1,"minecraft:beetroot":1,"minecraft:apple":1,"minecraft:wheat_seeds":192,"paraglider:rito_goddess_statue":2,"minecraft:beef":18,"minecraft:iron_ingot":3,"minecraft:rose_bush":1,"minecraft:chest":1,"minecraft:soul_sand":15,"minecraft:furnace":3,"minecraft:scaffolding":1,"minecraft:raw_iron":29,"minecraft:acacia_fence":9,"minecraft:green_bed":3,"minecraft:acacia_log":2,"minecraft:gravel":2,"minecraft:porkchop":5,"tombstone:grave_dust":2,"minecraft:rotten_flesh":2,"wandering_bags:piglin_bag":4,"minecraft:stone_pressure_plate":2,"minecraft:brown_carpet":9,"minecraft:orange_bed":1,"minecraft:arrow":1,"minecraft:beetroot_seeds":3,"minecraft:hay_block":44,"knightquest:small_essence":2,"minecraft:emerald":3,"minecraft:oak_sapling":4,"minecraft:coal":45,"minecraft:cobblestone":62}},"DataVersion":3465}