{"stats":{"minecraft:mined":{"minecraft:acacia_leaves":1,"minecraft:glass_pane":1,"minecraft:soul_sand":15,"minecraft:brown_carpet":9,"paraglider:rito_goddess_statue":1,"minecraft:crafting_table":2,"minecraft:grass_block":5,"minecraft:nether_wart":12,"minecraft:hay_block":11,"minecraft:furnace":2,"minecraft:iron_ore":9,"minecraft:wheat":37,"minecraft:grass":2,"minecraft:oak_log":18,"minecraft:coal_ore":14,"minecraft:dirt_path":1,"minecraft:acacia_fence":2,"minecraft:gravel":3,"minecraft:dirt":5,"minecraft:stone":61,"minecraft:oak_leaves":3,"minecraft:green_bed":2},"minecraft:custom":{"minecraft:interact_with_furnace":3,"minecraft:mob_kills":1,"minecraft:traded_with_villager":1,"minecraft:interact_with_crafting_table":4,"minecraft:time_since_death":21686,"minecraft:sleep_in_bed":2,"minecraft:climb_one_cm":516,"minecraft:time_since_rest":2683,"minecraft:sprint_one_cm":35380,"minecraft:damage_taken":140,"minecraft:walk_one_cm":175946,"minecraft:drop":2,"minecraft:damage_dealt":239,"minecraft:swim_one_cm":2351,"minecraft:talked_to_villager":2,"minecraft:fly_one_cm":8595,"minecraft:open_chest":24,"minecraft:crouch_one_cm":55,"minecraft:deaths":2,"minecraft:play_time":26125,"tombstone:undead_killed":1,"minecraft:sneak_time":49,"minecraft:walk_under_water_one_cm":213,"minecraft:jump":355,"minecraft:walk_on_water_one_cm":91,"minecraft:total_world_time":26125,"minecraft:fall_one_cm":6918,"minecraft:horse_one_cm":112},"minecraft:dropped":{"tombstone:grave_key":1,"minecraft:brown_carpet":9},"minecraft:crafted":{"minecraft:azure_bluet":1,"minecraft:oak_planks":40,"minecraft:crafting_table":1,"minecraft:wooden_pickaxe":1,"minecraft:stone_axe":1,"minecraft:bread":43,"minecraft:stick":16,"minecraft:stone_pickaxe":1,"minecraft:stone_sword":1,"minecraft:wheat":99},"minecraft:used":{"minecraft:stone_sword":4,"minecraft:stone_pickaxe":63,"minecraft:wooden_pickaxe":33,"minecraft:green_bed":1,"minecraft:dirt":2,"minecraft:crafting_table":2,"minecraft:bread":3,"minecraft:gravel":2,"minecraft:stone_axe":17,"tombstone:gift":1,"minecraft:experience_bottle":3},"minecraft:killed":{"minecraft:skeleton":1},"minecraft:picked_up":{"minecraft:crafting_table":2,"minecraft:wheat":32,"minecraft:nether_wart":41,"minecraft:oak_log":17,"minecraft:dirt":10,"minecraft:item_frame":1,"minecraft:bone":1,"minecraft:apple":1,"paraglider:rito_goddess_statue":1,"minecraft:wheat_seeds":105,"minecraft:iron_ingot":1,"minecraft:soul_sand":15,"minecraft:furnace":2,"minecraft:raw_iron":9,"minecraft:acacia_fence":2,"minecraft:green_bed":2,"minecraft:gravel":2,"tombstone:grave_dust":2,"minecraft:stone_pressure_plate":1,"minecraft:brown_carpet":9,"minecraft:arrow":1,"minecraft:hay_block":11,"minecraft:oak_sapling":3,"minecraft:coal":18,"minecraft:cobblestone":61}},"DataVersion":3465}